{"timestamps": [1610228343.7115397, 1610228343.895739, 1610228343.927745, 1610228343.962848, 1610228343.9971924, 1610228344.0401807, 1610228345.2105305, 1610228345.2546847, 1610228345.4811223, 1610228345.5170012, 1610228346.8880332, 1610228346.9125066, 1610228346.9336627, 1610228346.9795866, 1610228347.0265667, 1610228349.4995065, 1610228351.0478508, 1610228352.2976735, 1610228353.5296683, 1610228355.076138, 1610228357.4622765, 1610228359.0067205, 1610228361.5356624, 1610228364.1097944, 1610228365.6527426, 1610228368.1579928, 1610228370.1060295, 1610228372.907279, 1610228375.7052658, 1610228377.2046375, 1610228379.781321, 1610228381.3621085, 1610228384.1357868, 1610228386.593319, 1610228388.1567018, 1610228390.8668783, 1610228392.5805116, 1610228395.195604, 1610228396.3232188, 1610228399.1716812, 1610228403.661176, 1610228408.2143424, 1610228415.3668523, 1610228422.3851576, 1610228426.9712455, 1610228433.9429045, 1610228438.8124852, 1610228444.9656155, 1610228451.906235, 1610228455.6547384, 1610228461.3451343, 1610228464.9132895, 1610228470.4962127, 1610228475.9671469, 1610228479.7912343, 1610228485.4604452, 1610228489.079766, 1610228495.0644305, 1610228500.4731572, 1610228503.1611474, 1610228508.7165916, 1610228512.3112533, 1610228517.9306896, 1610228523.5975032, 1610228527.2255628, 1610228532.9624689, 1610228536.583914, 1610228542.328833, 1610228547.9840662, 1610228551.6504874, 1610228557.2566106, 1610228560.8639998, 1610228566.5789204, 1610228572.4895422, 1610228576.2267933, 1610228581.8747542, 1610228585.611884], "episode_rewards": [15.0, 29.0, 15.0, 19.0, 15.0, 22.0, 17.0, 10.0, 57.0, 18.0, 80.0, 15.0, 11.0, 24.0, 26.0, 200.0, 175.0, 73.0, 66.0, 200.0, 200.0, 200.0, 200.0, 200.0, 200.0, 200.0, 200.0, 200.0, 200.0, 200.0, 200.0, 200.0, 200.0, 200.0, 200.0, 200.0, 200.0, 200.0, 76.0, 200.0, 200.0, 200.0, 200.0, 200.0, 200.0, 200.0, 200.0, 200.0, 200.0, 200.0, 200.0, 200.0, 200.0, 200.0, 200.0, 200.0, 200.0, 200.0, 200.0, 200.0, 200.0, 200.0, 200.0, 200.0, 200.0, 200.0, 200.0, 200.0, 200.0, 200.0, 200.0, 200.0, 200.0, 200.0, 200.0, 200.0, 200.0], "episode_types": ["t", "t", "t", "t", "t", "t", "t", "t", "t", "t", "t", "t", "t", "t", "t", "t", "t", "t", "t", "t", "t", "t", "t", "t", "t", "t", "t", "t", "t", "t", "t", "t", "t", "t", "t", "t", "t", "t", "t", "t", "t", "t", "t", "t", "t", "t", "t", "t", "t", "t", "t", "t", "t", "t", "t", "t", "t", "t", "t", "t", "t", "t", "t", "t", "t", "t", "t", "t", "t", "t", "t", "t", "t", "t", "t", "t", "t", "t"], "initial_reset_timestamp": 1610228343.6416328, "episode_lengths": [15, 29, 15, 19, 15, 22, 17, 10, 57, 18, 80, 15, 11, 24, 26, 200, 175, 73, 66, 200, 200, 200, 200, 200, 200, 200, 200, 200, 200, 200, 200, 200, 200, 200, 200, 200, 200, 200, 76, 200, 200, 200, 200, 200, 200, 200, 200, 200, 200, 200, 200, 200, 200, 200, 200, 200, 200, 200, 200, 200, 200, 200, 200, 200, 200, 200, 200, 200, 200, 200, 200, 200, 200, 200, 200, 200, 200]}