{"timestamps": [1610228343.760943, 1610228343.9052908, 1610228343.9885938, 1610228345.179371, 1610228345.2627437, 1610228345.3248022, 1610228345.5128167, 1610228345.564792, 1610228346.7726355, 1610228346.9072173, 1610228346.9542072, 1610228347.0180311, 1610228348.0650752, 1610228349.34633, 1610228350.595881, 1610228350.8201373, 1610228352.2949903, 1610228352.463298, 1610228355.0405602, 1610228355.064156, 1610228357.4335063, 1610228358.915403, 1610228360.3436928, 1610228362.8551526, 1610228365.3626735, 1610228366.9041371, 1610228369.6907444, 1610228371.5742888, 1610228374.3464317, 1610228375.971776, 1610228378.434788, 1610228380.014609, 1610228382.7090816, 1610228385.1205788, 1610228385.507758, 1610228388.1066332, 1610228390.74303, 1610228392.432508, 1610228395.030216, 1610228396.8977883, 1610228401.2407773, 1610228407.0012453, 1610228411.6003869, 1610228418.8433995, 1610228423.4425452, 1610228430.4239483, 1610228437.452113, 1610228441.4619088, 1610228448.444534, 1610228452.7231803, 1610228458.4376774, 1610228463.99102, 1610228467.6258988, 1610228473.2115674, 1610228476.765234, 1610228482.6061459, 1610228488.1531706, 1610228491.9960897, 1610228497.775443, 1610228500.822504, 1610228505.880119, 1610228511.3819957, 1610228515.0715702, 1610228520.7075195, 1610228524.3933644, 1610228530.0998929, 1610228535.5500562, 1610228539.4257474, 1610228545.2020898, 1610228548.731306, 1610228554.3813758, 1610228559.9216824, 1610228563.6245494, 1610228569.4422288, 1610228573.2513633, 1610228578.9784591, 1610228584.7423804, 1610228588.416821], "episode_rewards": [27.0, 21.0, 42.0, 36.0, 18.0, 18.0, 53.0, 25.0, 45.0, 24.0, 25.0, 34.0, 40.0, 133.0, 87.0, 43.0, 149.0, 43.0, 200.0, 16.0, 200.0, 150.0, 175.0, 200.0, 200.0, 200.0, 200.0, 168.0, 200.0, 200.0, 200.0, 200.0, 200.0, 200.0, 82.0, 200.0, 200.0, 200.0, 200.0, 200.0, 200.0, 200.0, 200.0, 200.0, 200.0, 200.0, 200.0, 200.0, 200.0, 200.0, 200.0, 200.0, 200.0, 200.0, 200.0, 200.0, 200.0, 200.0, 200.0, 200.0, 200.0, 200.0, 200.0, 200.0, 200.0, 200.0, 200.0, 200.0, 200.0, 200.0, 200.0, 200.0, 200.0, 200.0, 200.0, 200.0, 200.0, 200.0], "episode_types": ["t", "t", "t", "t", "t", "t", "t", "t", "t", "t", "t", "t", "t", "t", "t", "t", "t", "t", "t", "t", "t", "t", "t", "t", "t", "t", "t", "t", "t", "t", "t", "t", "t", "t", "t", "t", "t", "t", "t", "t", "t", "t", "t", "t", "t", "t", "t", "t", "t", "t", "t", "t", "t", "t", "t", "t", "t", "t", "t", "t", "t", "t", "t", "t", "t", "t", "t", "t", "t", "t", "t", "t", "t", "t", "t", "t", "t", "t", "t"], "initial_reset_timestamp": 1610228343.5485518, "episode_lengths": [27, 21, 42, 36, 18, 18, 53, 25, 45, 24, 25, 34, 40, 133, 87, 43, 149, 43, 200, 16, 200, 150, 175, 200, 200, 200, 200, 168, 200, 200, 200, 200, 200, 200, 82, 200, 200, 200, 200, 200, 200, 200, 200, 200, 200, 200, 200, 200, 200, 200, 200, 200, 200, 200, 200, 200, 200, 200, 200, 200, 200, 200, 200, 200, 200, 200, 200, 200, 200, 200, 200, 200, 200, 200, 200, 200, 200, 200]}