{"timestamps": [1610228343.7266016, 1610228343.938516, 1610228343.9674659, 1610228343.9939432, 1610228344.0322874, 1610228345.2152464, 1610228345.2830353, 1610228345.3257093, 1610228345.4597368, 1610228345.5018976, 1610228345.550626, 1610228346.6614811, 1610228346.951989, 1610228348.2465296, 1610228349.353895, 1610228349.5064316, 1610228350.601188, 1610228350.8746748, 1610228352.266033, 1610228353.8078048, 1610228355.1263628, 1610228357.6066008, 1610228359.9851377, 1610228361.6752074, 1610228364.208635, 1610228365.7056553, 1610228368.3517828, 1610228371.354029, 1610228373.0322852, 1610228375.8056898, 1610228377.2569952, 1610228379.8486261, 1610228382.3520837, 1610228384.185075, 1610228386.687995, 1610228386.8183663, 1610228389.43078, 1610228391.0584128, 1610228393.6795766, 1610228395.2821453, 1610228399.1052113, 1610228403.4174418, 1610228407.9541287, 1610228415.13164, 1610228419.8276827, 1610228426.7625813, 1610228433.6943188, 1610228438.550123, 1610228444.6995718, 1610228449.4668884, 1610228455.507958, 1610228461.123722, 1610228464.7646358, 1610228470.2790587, 1610228473.928078, 1610228479.649295, 1610228485.2372203, 1610228488.9277222, 1610228494.8588755, 1610228498.26007, 1610228502.811544, 1610228506.0908847, 1610228508.991627, 1610228514.6278226, 1610228518.1745753, 1610228524.02342, 1610228527.482496, 1610228533.2000625, 1610228538.93727, 1610228542.580488, 1610228548.3954263, 1610228551.9163294, 1610228557.5618052, 1610228563.1240792, 1610228566.9411287, 1610228572.8237298, 1610228576.4637816, 1610228582.183087, 1610228587.8972037], "episode_rewards": [19.0, 46.0, 15.0, 12.0, 20.0, 22.0, 15.0, 13.0, 25.0, 23.0, 23.0, 23.0, 77.0, 124.0, 86.0, 34.0, 52.0, 71.0, 102.0, 168.0, 150.0, 200.0, 200.0, 200.0, 200.0, 200.0, 200.0, 200.0, 200.0, 200.0, 200.0, 200.0, 200.0, 200.0, 200.0, 23.0, 200.0, 200.0, 200.0, 200.0, 200.0, 200.0, 200.0, 200.0, 200.0, 200.0, 200.0, 200.0, 200.0, 200.0, 200.0, 200.0, 200.0, 200.0, 200.0, 200.0, 200.0, 200.0, 200.0, 177.0, 200.0, 165.0, 114.0, 200.0, 200.0, 200.0, 200.0, 200.0, 200.0, 200.0, 200.0, 200.0, 200.0, 200.0, 200.0, 200.0, 200.0, 200.0, 200.0], "episode_types": ["t", "t", "t", "t", "t", "t", "t", "t", "t", "t", "t", "t", "t", "t", "t", "t", "t", "t", "t", "t", "t", "t", "t", "t", "t", "t", "t", "t", "t", "t", "t", "t", "t", "t", "t", "t", "t", "t", "t", "t", "t", "t", "t", "t", "t", "t", "t", "t", "t", "t", "t", "t", "t", "t", "t", "t", "t", "t", "t", "t", "t", "t", "t", "t", "t", "t", "t", "t", "t", "t", "t", "t", "t", "t", "t", "t", "t", "t", "t", "t"], "initial_reset_timestamp": 1610228343.642434, "episode_lengths": [19, 46, 15, 12, 20, 22, 15, 13, 25, 23, 23, 23, 77, 124, 86, 34, 52, 71, 102, 168, 150, 200, 200, 200, 200, 200, 200, 200, 200, 200, 200, 200, 200, 200, 200, 23, 200, 200, 200, 200, 200, 200, 200, 200, 200, 200, 200, 200, 200, 200, 200, 200, 200, 200, 200, 200, 200, 200, 200, 177, 200, 165, 114, 200, 200, 200, 200, 200, 200, 200, 200, 200, 200, 200, 200, 200, 200, 200, 200]}