{"timestamps": [1610228343.7719216, 1610228343.9033184, 1610228343.9581788, 1610228343.989238, 1610228344.0520008, 1610228345.2169337, 1610228345.3153932, 1610228345.5176303, 1610228345.555913, 1610228346.638993, 1610228346.7309568, 1610228346.7859094, 1610228346.9921381, 1610228348.0280917, 1610228348.202477, 1610228348.223234, 1610228348.2866964, 1610228350.6861076, 1610228351.0339398, 1610228352.4758956, 1610228355.0202005, 1610228357.3425717, 1610228358.9532237, 1610228361.454597, 1610228363.0219471, 1610228365.5920548, 1610228368.0374806, 1610228369.9333131, 1610228372.6962373, 1610228374.644982, 1610228377.0595806, 1610228379.5859053, 1610228381.3008616, 1610228383.9694145, 1610228385.462562, 1610228387.9532032, 1610228389.8070524, 1610228392.386888, 1610228394.9586983, 1610228396.7298403, 1610228401.1693246, 1610228401.354454, 1610228407.2813425, 1610228411.8972714, 1610228419.1297, 1610228426.041426, 1610228430.6801882, 1610228437.7661607, 1610228441.6138465, 1610228448.704514, 1610228454.8813353, 1610228458.63259, 1610228464.270674, 1610228467.815151, 1610228473.4707913, 1610228476.7887003, 1610228482.6164608, 1610228488.1697834, 1610228492.0146763, 1610228497.6439373, 1610228500.812904, 1610228505.841281, 1610228509.3301005, 1610228515.0236952, 1610228520.6584463, 1610228524.3484333, 1610228529.977983, 1610228533.5269575, 1610228539.378848, 1610228545.0666924, 1610228548.6962569, 1610228554.322918, 1610228557.9244778, 1610228563.5756607, 1610228569.3879442, 1610228573.2151754, 1610228578.9308715, 1610228582.5475414, 1610228588.3631501], "episode_rewards": [31.0, 16.0, 29.0, 14.0, 31.0, 13.0, 25.0, 58.0, 19.0, 15.0, 21.0, 17.0, 65.0, 42.0, 37.0, 10.0, 38.0, 175.0, 83.0, 132.0, 181.0, 200.0, 200.0, 200.0, 200.0, 200.0, 200.0, 200.0, 200.0, 200.0, 200.0, 200.0, 200.0, 200.0, 180.0, 200.0, 200.0, 200.0, 200.0, 200.0, 200.0, 47.0, 200.0, 200.0, 200.0, 200.0, 200.0, 200.0, 200.0, 200.0, 200.0, 200.0, 200.0, 200.0, 200.0, 177.0, 200.0, 200.0, 200.0, 192.0, 200.0, 200.0, 200.0, 200.0, 200.0, 200.0, 200.0, 200.0, 200.0, 200.0, 200.0, 200.0, 200.0, 200.0, 200.0, 200.0, 200.0, 200.0, 200.0], "episode_types": ["t", "t", "t", "t", "t", "t", "t", "t", "t", "t", "t", "t", "t", "t", "t", "t", "t", "t", "t", "t", "t", "t", "t", "t", "t", "t", "t", "t", "t", "t", "t", "t", "t", "t", "t", "t", "t", "t", "t", "t", "t", "t", "t", "t", "t", "t", "t", "t", "t", "t", "t", "t", "t", "t", "t", "t", "t", "t", "t", "t", "t", "t", "t", "t", "t", "t", "t", "t", "t", "t", "t", "t", "t", "t", "t", "t", "t", "t", "t", "t"], "initial_reset_timestamp": 1610228343.6432147, "episode_lengths": [31, 16, 29, 14, 31, 13, 25, 58, 19, 15, 21, 17, 65, 42, 37, 10, 38, 175, 83, 132, 181, 200, 200, 200, 200, 200, 200, 200, 200, 200, 200, 200, 200, 200, 180, 200, 200, 200, 200, 200, 200, 47, 200, 200, 200, 200, 200, 200, 200, 200, 200, 200, 200, 200, 200, 177, 200, 200, 200, 192, 200, 200, 200, 200, 200, 200, 200, 200, 200, 200, 200, 200, 200, 200, 200, 200, 200, 200, 200]}