{"timestamps": [1610228343.726073, 1610228343.780204, 1610228343.896314, 1610228343.933678, 1610228344.008828, 1610228344.0478294, 1610228345.289956, 1610228345.4497125, 1610228345.47447, 1610228345.5282307, 1610228345.5611494, 1610228346.711238, 1610228346.920423, 1610228346.960092, 1610228348.2761161, 1610228349.3253856, 1610228349.3691492, 1610228349.5281956, 1610228350.793372, 1610228350.8255475, 1610228352.4816742, 1610228354.8475485, 1610228356.3893769, 1610228358.8124053, 1610228360.3557546, 1610228362.86588, 1610228365.3838747, 1610228366.913308, 1610228369.711553, 1610228371.6527414, 1610228374.5588021, 1610228376.9219522, 1610228378.5036294, 1610228381.1142373, 1610228382.7845457, 1610228385.3186836, 1610228387.8731618, 1610228389.6845217, 1610228392.2235575, 1610228394.0099576, 1610228396.6099741, 1610228400.9934204, 1610228404.1478565, 1610228411.1021843, 1610228415.95426, 1610228422.9200041, 1610228429.9098554, 1610228434.4422348, 1610228441.1201453, 1610228445.4589722, 1610228452.4052083, 1610228458.0425434, 1610228461.6729872, 1610228467.3448575, 1610228470.8288252, 1610228476.4458258, 1610228482.1144528, 1610228485.8668132, 1610228491.5950723, 1610228495.4058912, 1610228500.6166146, 1610228503.396057, 1610228508.9493713, 1610228514.5008855, 1610228518.1472456, 1610228523.9866035, 1610228527.449346, 1610228533.1644387, 1610228538.9003482, 1610228542.5429122, 1610228548.3645017, 1610228551.8757486, 1610228557.539798, 1610228563.0884025, 1610228566.9049997, 1610228572.7959547, 1610228576.441913, 1610228582.1507044, 1610228587.859721], "episode_rewards": [19.0, 14.0, 11.0, 18.0, 38.0, 19.0, 32.0, 30.0, 14.0, 27.0, 16.0, 29.0, 48.0, 22.0, 138.0, 59.0, 16.0, 40.0, 72.0, 12.0, 200.0, 147.0, 200.0, 200.0, 189.0, 200.0, 200.0, 200.0, 200.0, 200.0, 200.0, 200.0, 200.0, 200.0, 200.0, 200.0, 200.0, 200.0, 200.0, 200.0, 200.0, 200.0, 200.0, 200.0, 200.0, 200.0, 200.0, 200.0, 200.0, 200.0, 200.0, 200.0, 200.0, 200.0, 200.0, 200.0, 198.0, 200.0, 200.0, 200.0, 200.0, 187.0, 200.0, 200.0, 200.0, 200.0, 200.0, 200.0, 200.0, 200.0, 200.0, 200.0, 200.0, 200.0, 200.0, 200.0, 200.0, 200.0, 200.0], "episode_types": ["t", "t", "t", "t", "t", "t", "t", "t", "t", "t", "t", "t", "t", "t", "t", "t", "t", "t", "t", "t", "t", "t", "t", "t", "t", "t", "t", "t", "t", "t", "t", "t", "t", "t", "t", "t", "t", "t", "t", "t", "t", "t", "t", "t", "t", "t", "t", "t", "t", "t", "t", "t", "t", "t", "t", "t", "t", "t", "t", "t", "t", "t", "t", "t", "t", "t", "t", "t", "t", "t", "t", "t", "t", "t", "t", "t", "t", "t", "t", "t"], "initial_reset_timestamp": 1610228343.6420674, "episode_lengths": [19, 14, 11, 18, 38, 19, 32, 30, 14, 27, 16, 29, 48, 22, 138, 59, 16, 40, 72, 12, 200, 147, 200, 200, 189, 200, 200, 200, 200, 200, 200, 200, 200, 200, 200, 200, 200, 200, 200, 200, 200, 200, 200, 200, 200, 200, 200, 200, 200, 200, 200, 200, 200, 200, 200, 200, 198, 200, 200, 200, 200, 187, 200, 200, 200, 200, 200, 200, 200, 200, 200, 200, 200, 200, 200, 200, 200, 200, 200]}