{"timestamps": [1610228343.9696338, 1610228344.0562522, 1610228345.26592, 1610228345.4817717, 1610228345.5344443, 1610228345.5656345, 1610228346.9579904, 1610228347.0073647, 1610228348.2212327, 1610228349.3120818, 1610228349.565565, 1610228350.8431137, 1610228352.1840034, 1610228353.8121643, 1610228356.1293914, 1610228357.6410074, 1610228358.7231336, 1610228360.1926224, 1610228362.6441033, 1610228364.3698354, 1610228366.7342134, 1610228368.5192196, 1610228371.5515335, 1610228374.3120346, 1610228375.9549718, 1610228378.395651, 1610228379.9973347, 1610228382.5813923, 1610228385.079912, 1610228385.1308749, 1610228385.292018, 1610228386.8397067, 1610228389.4859438, 1610228391.1087916, 1610228393.7292626, 1610228396.302831, 1610228399.1545744, 1610228403.617387, 1610228408.181373, 1610228415.3293557, 1610228422.342592, 1610228426.9246025, 1610228433.9058566, 1610228438.666539, 1610228444.9173465, 1610228451.8667188, 1610228455.6147392, 1610228461.3101785, 1610228464.8742385, 1610228470.462336, 1610228475.9271524, 1610228479.7602725, 1610228485.4289732, 1610228489.0375254, 1610228494.6253793, 1610228498.275547, 1610228502.8231394, 1610228506.3328145, 1610228512.0110085, 1610228517.541732, 1610228521.2282224, 1610228526.933798, 1610228530.5451863, 1610228536.2727475, 1610228541.8893707, 1610228545.7311444, 1610228551.3496115, 1610228554.856051, 1610228560.543097, 1610228566.127434, 1610228569.9809868, 1610228575.8997507, 1610228579.460742, 1610228585.2946846], "episode_rewards": [81.0, 42.0, 22.0, 54.0, 26.0, 15.0, 96.0, 27.0, 79.0, 89.0, 81.0, 70.0, 90.0, 200.0, 171.0, 200.0, 46.0, 172.0, 200.0, 200.0, 200.0, 200.0, 200.0, 200.0, 200.0, 200.0, 200.0, 200.0, 200.0, 13.0, 23.0, 161.0, 200.0, 200.0, 200.0, 200.0, 200.0, 200.0, 200.0, 200.0, 200.0, 200.0, 200.0, 200.0, 200.0, 200.0, 200.0, 200.0, 200.0, 200.0, 200.0, 200.0, 200.0, 200.0, 163.0, 200.0, 200.0, 200.0, 200.0, 200.0, 200.0, 200.0, 200.0, 200.0, 200.0, 200.0, 200.0, 200.0, 200.0, 200.0, 200.0, 200.0, 200.0, 200.0], "episode_types": ["t", "t", "t", "t", "t", "t", "t", "t", "t", "t", "t", "t", "t", "t", "t", "t", "t", "t", "t", "t", "t", "t", "t", "t", "t", "t", "t", "t", "t", "t", "t", "t", "t", "t", "t", "t", "t", "t", "t", "t", "t", "t", "t", "t", "t", "t", "t", "t", "t", "t", "t", "t", "t", "t", "t", "t", "t", "t", "t", "t", "t", "t", "t", "t", "t", "t", "t", "t", "t", "t", "t", "t", "t", "t", "t"], "initial_reset_timestamp": 1610228343.643985, "episode_lengths": [81, 42, 22, 54, 26, 15, 96, 27, 79, 89, 81, 70, 90, 200, 171, 200, 46, 172, 200, 200, 200, 200, 200, 200, 200, 200, 200, 200, 200, 13, 23, 161, 200, 200, 200, 200, 200, 200, 200, 200, 200, 200, 200, 200, 200, 200, 200, 200, 200, 200, 200, 200, 200, 200, 163, 200, 200, 200, 200, 200, 200, 200, 200, 200, 200, 200, 200, 200, 200, 200, 200, 200, 200, 200]}