{"timestamps": [1610228343.7560682, 1610228343.898408, 1610228343.9835987, 1610228345.1860445, 1610228345.4442396, 1610228345.4955878, 1610228347.9944, 1610228348.0926716, 1610228348.2641814, 1610228349.4937665, 1610228350.8296332, 1610228353.4936552, 1610228353.7902474, 1610228356.1814053, 1610228357.4198048, 1610228357.638696, 1610228360.153924, 1610228361.707349, 1610228364.3422682, 1610228366.6780078, 1610228368.39823, 1610228371.4255295, 1610228373.114481, 1610228375.9252687, 1610228378.2464535, 1610228379.970541, 1610228382.523627, 1610228384.2209496, 1610228386.5641563, 1610228386.8095424, 1610228389.4218988, 1610228391.049473, 1610228393.6744328, 1610228395.2765152, 1610228399.090142, 1610228403.3913546, 1610228407.9291377, 1610228415.108653, 1610228419.7962625, 1610228426.7347283, 1610228433.6691806, 1610228438.4680614, 1610228444.6759522, 1610228449.4338086, 1610228455.487578, 1610228461.0942852, 1610228464.744953, 1610228470.2622218, 1610228473.9079738, 1610228479.6312788, 1610228482.8882806, 1610228488.6140816, 1610228492.2956586, 1610228498.1078746, 1610228502.5501962, 1610228506.0156307, 1610228511.538188, 1610228515.1969752, 1610228520.9101558, 1610228524.5240831, 1610228530.219104, 1610228535.7871876, 1610228539.5642219, 1610228545.3286734, 1610228548.876594, 1610228554.5270438, 1610228560.0788126, 1610228563.7609484, 1610228569.6475465, 1610228573.4001527, 1610228579.1228318, 1610228584.8930914, 1610228588.5580735], "episode_rewards": [27.0, 18.0, 43.0, 39.0, 53.0, 26.0, 181.0, 31.0, 51.0, 103.0, 104.0, 200.0, 83.0, 200.0, 117.0, 66.0, 200.0, 200.0, 200.0, 200.0, 200.0, 200.0, 200.0, 200.0, 200.0, 200.0, 200.0, 200.0, 141.0, 57.0, 200.0, 200.0, 200.0, 200.0, 200.0, 200.0, 200.0, 200.0, 200.0, 200.0, 200.0, 200.0, 200.0, 200.0, 200.0, 200.0, 200.0, 200.0, 200.0, 200.0, 156.0, 200.0, 200.0, 200.0, 200.0, 177.0, 200.0, 200.0, 200.0, 200.0, 200.0, 200.0, 200.0, 200.0, 200.0, 200.0, 200.0, 200.0, 200.0, 200.0, 200.0, 200.0, 200.0], "episode_types": ["t", "t", "t", "t", "t", "t", "t", "t", "t", "t", "t", "t", "t", "t", "t", "t", "t", "t", "t", "t", "t", "t", "t", "t", "t", "t", "t", "t", "t", "t", "t", "t", "t", "t", "t", "t", "t", "t", "t", "t", "t", "t", "t", "t", "t", "t", "t", "t", "t", "t", "t", "t", "t", "t", "t", "t", "t", "t", "t", "t", "t", "t", "t", "t", "t", "t", "t", "t", "t", "t", "t", "t", "t", "t"], "initial_reset_timestamp": 1610228343.5481973, "episode_lengths": [27, 18, 43, 39, 53, 26, 181, 31, 51, 103, 104, 200, 83, 200, 117, 66, 200, 200, 200, 200, 200, 200, 200, 200, 200, 200, 200, 200, 141, 57, 200, 200, 200, 200, 200, 200, 200, 200, 200, 200, 200, 200, 200, 200, 200, 200, 200, 200, 200, 200, 156, 200, 200, 200, 200, 177, 200, 200, 200, 200, 200, 200, 200, 200, 200, 200, 200, 200, 200, 200, 200, 200, 200]}