{"timestamps": [1610228343.7654536, 1610228343.9012654, 1610228343.994646, 1610228344.0213053, 1610228344.052603, 1610228345.2029371, 1610228345.2703757, 1610228345.4313133, 1610228345.4752502, 1610228345.5731728, 1610228346.878837, 1610228346.9756231, 1610228347.0301683, 1610228347.986644, 1610228348.3096528, 1610228350.6794567, 1610228352.450466, 1610228355.025433, 1610228357.3516974, 1610228358.9584959, 1610228361.465299, 1610228363.0272474, 1610228365.5993338, 1610228368.0474794, 1610228369.9406507, 1610228372.7060378, 1610228374.7096176, 1610228377.0653782, 1610228379.5950747, 1610228381.3072803, 1610228383.9787133, 1610228385.5105152, 1610228388.109846, 1610228390.7501714, 1610228392.4353514, 1610228395.0370839, 1610228396.9047215, 1610228401.2479646, 1610228407.0103118, 1610228411.6142356, 1610228418.8556924, 1610228423.5022738, 1610228430.4373848, 1610228437.4668648, 1610228441.4716012, 1610228448.458583, 1610228452.7312655, 1610228458.4566073, 1610228464.0021942, 1610228467.6388023, 1610228473.2310398, 1610228476.7761984, 1610228479.971337, 1610228485.6980228, 1610228491.3508763, 1610228495.027854, 1610228500.36003, 1610228503.1082246, 1610228508.5965261, 1610228511.972381, 1610228517.4905646, 1610228521.113923, 1610228526.7485209, 1610228530.4268463, 1610228536.1761208, 1610228541.7423158, 1610228545.5998025, 1610228551.1562433, 1610228554.7285228, 1610228560.4446566, 1610228565.9096766, 1610228569.8595514, 1610228575.79898, 1610228579.341215, 1610228585.163031], "episode_rewards": [29.0, 17.0, 46.0, 13.0, 16.0, 10.0, 15.0, 27.0, 22.0, 49.0, 48.0, 53.0, 30.0, 11.0, 109.0, 160.0, 200.0, 200.0, 200.0, 200.0, 200.0, 200.0, 200.0, 200.0, 200.0, 200.0, 200.0, 200.0, 200.0, 200.0, 200.0, 200.0, 200.0, 200.0, 200.0, 200.0, 200.0, 200.0, 200.0, 200.0, 200.0, 200.0, 200.0, 200.0, 200.0, 200.0, 200.0, 200.0, 200.0, 200.0, 200.0, 200.0, 131.0, 200.0, 200.0, 171.0, 200.0, 200.0, 200.0, 158.0, 200.0, 188.0, 200.0, 200.0, 200.0, 200.0, 200.0, 200.0, 200.0, 200.0, 200.0, 200.0, 200.0, 200.0, 200.0], "episode_types": ["t", "t", "t", "t", "t", "t", "t", "t", "t", "t", "t", "t", "t", "t", "t", "t", "t", "t", "t", "t", "t", "t", "t", "t", "t", "t", "t", "t", "t", "t", "t", "t", "t", "t", "t", "t", "t", "t", "t", "t", "t", "t", "t", "t", "t", "t", "t", "t", "t", "t", "t", "t", "t", "t", "t", "t", "t", "t", "t", "t", "t", "t", "t", "t", "t", "t", "t", "t", "t", "t", "t", "t", "t", "t", "t", "t"], "initial_reset_timestamp": 1610228343.6443663, "episode_lengths": [29, 17, 46, 13, 16, 10, 15, 27, 22, 49, 48, 53, 30, 11, 109, 160, 200, 200, 200, 200, 200, 200, 200, 200, 200, 200, 200, 200, 200, 200, 200, 200, 200, 200, 200, 200, 200, 200, 200, 200, 200, 200, 200, 200, 200, 200, 200, 200, 200, 200, 200, 200, 131, 200, 200, 171, 200, 200, 200, 158, 200, 188, 200, 200, 200, 200, 200, 200, 200, 200, 200, 200, 200, 200, 200]}