{"timestamps": [1610228343.784186, 1610228343.9303524, 1610228343.9609766, 1610228344.0218086, 1610228344.056856, 1610228345.239001, 1610228345.441554, 1610228345.4880989, 1610228346.7475111, 1610228346.9400108, 1610228346.9692414, 1610228347.0232415, 1610228348.1929984, 1610228348.2283497, 1610228349.3628778, 1610228349.5223277, 1610228349.5399559, 1610228350.849338, 1610228350.9856408, 1610228352.0757117, 1610228352.3937116, 1610228354.8644109, 1610228356.4006283, 1610228358.8233042, 1610228360.378078, 1610228362.977237, 1610228365.4360662, 1610228366.9361916, 1610228369.756794, 1610228371.681252, 1610228374.6054044, 1610228376.9757912, 1610228378.6188753, 1610228381.169795, 1610228382.8719769, 1610228385.3470876, 1610228387.9262807, 1610228389.794753, 1610228392.3594332, 1610228394.0385504, 1610228396.6957061, 1610228401.055802, 1610228404.3246062, 1610228411.3294015, 1610228416.131831, 1610228423.1126285, 1610228430.1163082, 1610228434.6715586, 1610228441.291149, 1610228445.7004251, 1610228452.5216913, 1610228458.1647456, 1610228461.8218207, 1610228467.4296434, 1610228470.9432962, 1610228476.5614157, 1610228482.2515843, 1610228485.995011, 1610228491.788858, 1610228495.5125089, 1610228500.7495236, 1610228505.6187131, 1610228509.0152915, 1610228514.6631043, 1610228517.8492815, 1610228523.525507, 1610228527.158758, 1610228532.8094335, 1610228536.5129185, 1610228542.2744844, 1610228547.9014382, 1610228551.575525, 1610228557.2002509, 1610228560.7920537, 1610228566.4966872, 1610228572.3268616, 1610228576.1572924, 1610228581.814059, 1610228585.532496], "episode_rewards": [34.0, 26.0, 17.0, 28.0, 18.0, 16.0, 40.0, 23.0, 76.0, 49.0, 14.0, 30.0, 56.0, 19.0, 102.0, 39.0, 11.0, 86.0, 30.0, 54.0, 57.0, 200.0, 200.0, 200.0, 200.0, 200.0, 200.0, 200.0, 200.0, 200.0, 200.0, 200.0, 200.0, 200.0, 200.0, 200.0, 200.0, 200.0, 200.0, 200.0, 200.0, 200.0, 200.0, 200.0, 200.0, 200.0, 200.0, 200.0, 200.0, 200.0, 200.0, 200.0, 200.0, 200.0, 200.0, 200.0, 200.0, 200.0, 200.0, 200.0, 200.0, 200.0, 178.0, 200.0, 150.0, 200.0, 200.0, 200.0, 200.0, 200.0, 200.0, 200.0, 200.0, 200.0, 200.0, 200.0, 200.0, 200.0, 200.0], "episode_types": ["t", "t", "t", "t", "t", "t", "t", "t", "t", "t", "t", "t", "t", "t", "t", "t", "t", "t", "t", "t", "t", "t", "t", "t", "t", "t", "t", "t", "t", "t", "t", "t", "t", "t", "t", "t", "t", "t", "t", "t", "t", "t", "t", "t", "t", "t", "t", "t", "t", "t", "t", "t", "t", "t", "t", "t", "t", "t", "t", "t", "t", "t", "t", "t", "t", "t", "t", "t", "t", "t", "t", "t", "t", "t", "t", "t", "t", "t", "t", "t"], "initial_reset_timestamp": 1610228343.6482208, "episode_lengths": [34, 26, 17, 28, 18, 16, 40, 23, 76, 49, 14, 30, 56, 19, 102, 39, 11, 86, 30, 54, 57, 200, 200, 200, 200, 200, 200, 200, 200, 200, 200, 200, 200, 200, 200, 200, 200, 200, 200, 200, 200, 200, 200, 200, 200, 200, 200, 200, 200, 200, 200, 200, 200, 200, 200, 200, 200, 200, 200, 200, 200, 200, 178, 200, 150, 200, 200, 200, 200, 200, 200, 200, 200, 200, 200, 200, 200, 200, 200]}