{"timestamps": [1610228343.7860973, 1610228343.8946836, 1610228343.9449303, 1610228343.9859185, 1610228344.038745, 1610228345.2530863, 1610228345.4464028, 1610228345.4934285, 1610228345.5199616, 1610228345.5826452, 1610228346.8840694, 1610228346.931109, 1610228347.9796538, 1610228348.097649, 1610228348.2050884, 1610228348.3027968, 1610228349.5502744, 1610228351.0144076, 1610228353.6170378, 1610228355.115163, 1610228357.5922878, 1610228359.9665046, 1610228360.1711667, 1610228360.3347936, 1610228362.8463724, 1610228364.4285426, 1610228366.896126, 1610228369.6667764, 1610228371.6210442, 1610228374.4323308, 1610228376.0171986, 1610228378.4857361, 1610228381.0761087, 1610228382.7682993, 1610228385.2952929, 1610228385.4567955, 1610228387.945802, 1610228389.8044221, 1610228392.3803713, 1610228394.951704, 1610228396.725769, 1610228401.1632068, 1610228404.4220934, 1610228411.3820205, 1610228418.5809686, 1610228423.220237, 1610228430.1647263, 1610228434.7213683, 1610228441.3210745, 1610228448.173157, 1610228452.5739882, 1610228458.3037057, 1610228461.8785691, 1610228467.475902, 1610228472.9582357, 1610228476.5961366, 1610228482.392129, 1610228485.9479861, 1610228491.6579745, 1610228495.4769948, 1610228500.7393844, 1610228505.5688536, 1610228508.7768397, 1610228512.379026, 1610228517.6066973, 1610228521.292931, 1610228526.990823, 1610228532.526136, 1610228536.3418455, 1610228542.0338564, 1610228545.7978609, 1610228551.4156013, 1610228556.9210792, 1610228560.6092515, 1610228566.196245, 1610228570.0486188, 1610228575.9753115, 1610228581.5330656, 1610228585.3584778], "episode_rewards": [35.0, 9.0, 25.0, 20.0, 26.0, 27.0, 39.0, 24.0, 13.0, 31.0, 46.0, 27.0, 62.0, 37.0, 13.0, 57.0, 114.0, 125.0, 183.0, 200.0, 200.0, 200.0, 35.0, 51.0, 200.0, 200.0, 200.0, 200.0, 200.0, 200.0, 200.0, 200.0, 200.0, 200.0, 200.0, 32.0, 200.0, 200.0, 200.0, 200.0, 200.0, 200.0, 200.0, 200.0, 200.0, 200.0, 200.0, 200.0, 200.0, 200.0, 200.0, 200.0, 200.0, 200.0, 200.0, 200.0, 200.0, 188.0, 200.0, 200.0, 200.0, 200.0, 152.0, 200.0, 157.0, 200.0, 200.0, 200.0, 200.0, 200.0, 200.0, 200.0, 200.0, 200.0, 200.0, 200.0, 200.0, 200.0, 200.0], "episode_types": ["t", "t", "t", "t", "t", "t", "t", "t", "t", "t", "t", "t", "t", "t", "t", "t", "t", "t", "t", "t", "t", "t", "t", "t", "t", "t", "t", "t", "t", "t", "t", "t", "t", "t", "t", "t", "t", "t", "t", "t", "t", "t", "t", "t", "t", "t", "t", "t", "t", "t", "t", "t", "t", "t", "t", "t", "t", "t", "t", "t", "t", "t", "t", "t", "t", "t", "t", "t", "t", "t", "t", "t", "t", "t", "t", "t", "t", "t", "t", "t"], "initial_reset_timestamp": 1610228343.547274, "episode_lengths": [35, 9, 25, 20, 26, 27, 39, 24, 13, 31, 46, 27, 62, 37, 13, 57, 114, 125, 183, 200, 200, 200, 35, 51, 200, 200, 200, 200, 200, 200, 200, 200, 200, 200, 200, 32, 200, 200, 200, 200, 200, 200, 200, 200, 200, 200, 200, 200, 200, 200, 200, 200, 200, 200, 200, 200, 200, 188, 200, 200, 200, 200, 152, 200, 157, 200, 200, 200, 200, 200, 200, 200, 200, 200, 200, 200, 200, 200, 200]}