{"timestamps": [1610228343.7123759, 1610228343.7883084, 1610228343.9180808, 1610228343.9648886, 1610228344.0184503, 1610228344.042979, 1610228345.1868038, 1610228345.4290662, 1610228345.4563181, 1610228345.4915445, 1610228345.5322108, 1610228345.570691, 1610228346.7027247, 1610228346.947972, 1610228346.9957395, 1610228348.203085, 1610228348.2374663, 1610228348.256734, 1610228349.2724853, 1610228349.3700473, 1610228349.488058, 1610228350.6155858, 1610228351.0504456, 1610228353.7723966, 1610228356.146308, 1610228357.649136, 1610228358.9904935, 1610228361.519114, 1610228364.078236, 1610228365.638676, 1610228368.1294188, 1610228370.0852938, 1610228372.87427, 1610228375.667951, 1610228377.191472, 1610228379.752188, 1610228381.3465977, 1610228384.1220977, 1610228386.5473475, 1610228388.1417186, 1610228390.8323936, 1610228392.562363, 1610228395.1817758, 1610228398.622135, 1610228401.345236, 1610228407.2655919, 1610228411.890033, 1610228419.1151102, 1610228426.0265286, 1610228430.6698914, 1610228437.746772, 1610228441.606469, 1610228448.6881316, 1610228454.8694336, 1610228458.609786, 1610228464.2613723, 1610228467.8040168, 1610228473.4572494, 1610228478.9697359, 1610228482.6284862, 1610228488.1791732, 1610228492.041463, 1610228497.8081822, 1610228500.828243, 1610228505.8984492, 1610228509.0981305, 1610228514.728751, 1610228518.2767682, 1610228524.1066606, 1610228529.6454902, 1610228533.2500317, 1610228539.083678, 1610228542.6278589, 1610228548.4308786, 1610228553.958294, 1610228557.6264012, 1610228563.2640066, 1610228567.0008464, 1610228572.951159, 1610228578.561456, 1610228582.24445, 1610228588.0425453], "episode_rewards": [15.0, 21.0, 18.0, 25.0, 25.0, 12.0, 11.0, 45.0, 13.0, 19.0, 20.0, 19.0, 23.0, 65.0, 25.0, 77.0, 18.0, 13.0, 54.0, 32.0, 19.0, 64.0, 116.0, 199.0, 200.0, 200.0, 130.0, 200.0, 200.0, 200.0, 200.0, 200.0, 200.0, 200.0, 200.0, 200.0, 200.0, 200.0, 200.0, 200.0, 200.0, 200.0, 200.0, 200.0, 200.0, 200.0, 200.0, 200.0, 200.0, 200.0, 200.0, 200.0, 200.0, 200.0, 200.0, 200.0, 200.0, 200.0, 200.0, 179.0, 200.0, 200.0, 200.0, 200.0, 200.0, 159.0, 198.0, 200.0, 200.0, 200.0, 192.0, 200.0, 200.0, 200.0, 200.0, 200.0, 200.0, 200.0, 200.0, 200.0, 200.0, 200.0], "episode_types": ["t", "t", "t", "t", "t", "t", "t", "t", "t", "t", "t", "t", "t", "t", "t", "t", "t", "t", "t", "t", "t", "t", "t", "t", "t", "t", "t", "t", "t", "t", "t", "t", "t", "t", "t", "t", "t", "t", "t", "t", "t", "t", "t", "t", "t", "t", "t", "t", "t", "t", "t", "t", "t", "t", "t", "t", "t", "t", "t", "t", "t", "t", "t", "t", "t", "t", "t", "t", "t", "t", "t", "t", "t", "t", "t", "t", "t", "t", "t", "t", "t", "t", "t"], "initial_reset_timestamp": 1610228343.6435964, "episode_lengths": [15, 21, 18, 25, 25, 12, 11, 45, 13, 19, 20, 19, 23, 65, 25, 77, 18, 13, 54, 32, 19, 64, 116, 199, 200, 200, 130, 200, 200, 200, 200, 200, 200, 200, 200, 200, 200, 200, 200, 200, 200, 200, 200, 200, 200, 200, 200, 200, 200, 200, 200, 200, 200, 200, 200, 200, 200, 200, 200, 179, 200, 200, 200, 200, 200, 159, 198, 200, 200, 200, 192, 200, 200, 200, 200, 200, 200, 200, 200, 200, 200, 200]}