{"timestamps": [1610228343.7451851, 1610228343.7923057, 1610228343.9558113, 1610228344.00324, 1610228344.0395, 1610228345.1986237, 1610228345.2737966, 1610228345.4687293, 1610228345.5604575, 1610228346.6750884, 1610228348.2134647, 1610228349.4961874, 1610228350.8421504, 1610228352.2293077, 1610228353.832061, 1610228356.3270764, 1610228358.697618, 1610228360.2247307, 1610228362.8099012, 1610228364.405299, 1610228366.8696692, 1610228369.6155608, 1610228371.5933237, 1610228374.3816853, 1610228375.9911826, 1610228378.4630194, 1610228380.9425058, 1610228382.7454698, 1610228385.249956, 1610228386.8905022, 1610228389.6409023, 1610228392.1419578, 1610228393.880573, 1610228396.3852537, 1610228399.2405326, 1610228403.91323, 1610228410.8131852, 1610228415.6273403, 1610228422.6159499, 1610228427.237123, 1610228434.189267, 1610228440.85342, 1610228445.1975398, 1610228452.1611698, 1610228455.8099957, 1610228461.4778125, 1610228467.0702684, 1610228470.6402526, 1610228476.1996682, 1610228479.9483888, 1610228485.675269, 1610228491.3113816, 1610228495.2141166, 1610228500.5318422, 1610228502.9792848, 1610228508.4611824, 1610228512.1474652, 1610228517.553702, 1610228521.2531228, 1610228526.9469914, 1610228530.5584097, 1610228536.279779, 1610228541.8986182, 1610228545.7433746, 1610228551.3629167, 1610228554.8643222, 1610228560.5614097, 1610228566.1425402, 1610228569.9969013, 1610228575.9117274, 1610228579.4746847, 1610228585.3161442], "episode_rewards": [24.0, 14.0, 37.0, 22.0, 18.0, 15.0, 17.0, 45.0, 46.0, 21.0, 180.0, 134.0, 109.0, 101.0, 200.0, 200.0, 200.0, 200.0, 200.0, 200.0, 200.0, 200.0, 200.0, 200.0, 200.0, 200.0, 200.0, 200.0, 200.0, 200.0, 200.0, 200.0, 200.0, 200.0, 200.0, 200.0, 200.0, 200.0, 200.0, 200.0, 200.0, 200.0, 200.0, 200.0, 200.0, 200.0, 200.0, 200.0, 200.0, 200.0, 200.0, 200.0, 200.0, 200.0, 156.0, 200.0, 200.0, 183.0, 200.0, 200.0, 200.0, 200.0, 200.0, 200.0, 200.0, 200.0, 200.0, 200.0, 200.0, 200.0, 200.0, 200.0], "episode_types": ["t", "t", "t", "t", "t", "t", "t", "t", "t", "t", "t", "t", "t", "t", "t", "t", "t", "t", "t", "t", "t", "t", "t", "t", "t", "t", "t", "t", "t", "t", "t", "t", "t", "t", "t", "t", "t", "t", "t", "t", "t", "t", "t", "t", "t", "t", "t", "t", "t", "t", "t", "t", "t", "t", "t", "t", "t", "t", "t", "t", "t", "t", "t", "t", "t", "t", "t", "t", "t", "t", "t", "t", "t"], "initial_reset_timestamp": 1610228343.641124, "episode_lengths": [24, 14, 37, 22, 18, 15, 17, 45, 46, 21, 180, 134, 109, 101, 200, 200, 200, 200, 200, 200, 200, 200, 200, 200, 200, 200, 200, 200, 200, 200, 200, 200, 200, 200, 200, 200, 200, 200, 200, 200, 200, 200, 200, 200, 200, 200, 200, 200, 200, 200, 200, 200, 200, 200, 156, 200, 200, 183, 200, 200, 200, 200, 200, 200, 200, 200, 200, 200, 200, 200, 200, 200]}