{"timestamps": [1610228343.8918452, 1610228343.9269743, 1610228343.9487743, 1610228343.966823, 1610228343.9879084, 1610228344.0204053, 1610228344.049758, 1610228345.253942, 1610228345.4706578, 1610228345.5258446, 1610228345.5581813, 1610228346.7191446, 1610228346.9418945, 1610228346.9897, 1610228348.2322688, 1610228348.2813287, 1610228349.334998, 1610228351.0264535, 1610228352.2998676, 1610228354.8543522, 1610228356.3917873, 1610228358.8176777, 1610228360.2118857, 1610228362.7791805, 1610228364.3893392, 1610228366.8537877, 1610228368.5429764, 1610228371.5788157, 1610228374.3530388, 1610228375.9753332, 1610228378.4415443, 1610228380.0214775, 1610228382.722157, 1610228385.1298118, 1610228385.323779, 1610228387.886883, 1610228389.6899827, 1610228392.2407212, 1610228394.0161397, 1610228396.6280432, 1610228401.0074763, 1610228404.179394, 1610228411.1303923, 1610228415.9858143, 1610228422.951616, 1610228429.9346886, 1610228434.5229213, 1610228441.1389134, 1610228445.5451152, 1610228452.441798, 1610228458.0723877, 1610228461.7109215, 1610228467.3708963, 1610228470.8701055, 1610228476.4646683, 1610228482.152539, 1610228485.6907349, 1610228491.3348048, 1610228495.0763614, 1610228500.4757602, 1610228503.1720047, 1610228508.7290573, 1610228512.324544, 1610228517.9433138, 1610228523.6099153, 1610228527.23234, 1610228532.9752405, 1610228535.6770887, 1610228539.449692, 1610228545.2462356, 1610228548.7670836, 1610228554.4103503, 1610228559.9586475, 1610228563.650528, 1610228569.5628006, 1610228573.2975533, 1610228579.0106754, 1610228584.7771883, 1610228588.4449043], "episode_rewards": [43.0, 16.0, 12.0, 9.0, 10.0, 15.0, 15.0, 22.0, 51.0, 28.0, 16.0, 32.0, 59.0, 25.0, 95.0, 30.0, 59.0, 200.0, 85.0, 200.0, 200.0, 200.0, 152.0, 200.0, 200.0, 200.0, 200.0, 200.0, 200.0, 200.0, 200.0, 200.0, 200.0, 200.0, 39.0, 200.0, 200.0, 200.0, 200.0, 200.0, 200.0, 200.0, 200.0, 200.0, 200.0, 200.0, 200.0, 200.0, 200.0, 200.0, 200.0, 200.0, 200.0, 200.0, 200.0, 200.0, 172.0, 200.0, 179.0, 200.0, 200.0, 200.0, 200.0, 200.0, 200.0, 200.0, 200.0, 94.0, 200.0, 200.0, 200.0, 200.0, 200.0, 200.0, 200.0, 200.0, 200.0, 200.0, 200.0], "episode_types": ["t", "t", "t", "t", "t", "t", "t", "t", "t", "t", "t", "t", "t", "t", "t", "t", "t", "t", "t", "t", "t", "t", "t", "t", "t", "t", "t", "t", "t", "t", "t", "t", "t", "t", "t", "t", "t", "t", "t", "t", "t", "t", "t", "t", "t", "t", "t", "t", "t", "t", "t", "t", "t", "t", "t", "t", "t", "t", "t", "t", "t", "t", "t", "t", "t", "t", "t", "t", "t", "t", "t", "t", "t", "t", "t", "t", "t", "t", "t", "t"], "initial_reset_timestamp": 1610228343.5478382, "episode_lengths": [43, 16, 12, 9, 10, 15, 15, 22, 51, 28, 16, 32, 59, 25, 95, 30, 59, 200, 85, 200, 200, 200, 152, 200, 200, 200, 200, 200, 200, 200, 200, 200, 200, 200, 39, 200, 200, 200, 200, 200, 200, 200, 200, 200, 200, 200, 200, 200, 200, 200, 200, 200, 200, 200, 200, 200, 172, 200, 179, 200, 200, 200, 200, 200, 200, 200, 200, 94, 200, 200, 200, 200, 200, 200, 200, 200, 200, 200, 200]}