{"timestamps": [1610228343.753232, 1610228343.952232, 1610228343.9931455, 1610228344.037558, 1610228345.1938963, 1610228345.2454145, 1610228345.4345133, 1610228346.653247, 1610228346.7102125, 1610228346.7787678, 1610228346.9856675, 1610228347.9773498, 1610228348.2917447, 1610228349.518225, 1610228349.5744178, 1610228352.289826, 1610228352.42061, 1610228354.9093955, 1610228356.4271476, 1610228358.9301789, 1610228360.2029314, 1610228362.672123, 1610228364.3801033, 1610228366.7537317, 1610228368.5299037, 1610228371.5672038, 1610228374.329753, 1610228375.9652622, 1610228378.4249997, 1610228380.0076807, 1610228382.6067379, 1610228385.109918, 1610228386.8575385, 1610228389.514684, 1610228391.1249774, 1610228393.7561386, 1610228396.337214, 1610228399.1913855, 1610228403.7091544, 1610228408.2588656, 1610228415.4528296, 1610228422.4264855, 1610228427.0683036, 1610228433.9900281, 1610228438.8662534, 1610228445.0050395, 1610228452.0428154, 1610228455.6986463, 1610228461.3746426, 1610228464.947428, 1610228470.5439847, 1610228476.0070298, 1610228479.8301957, 1610228485.586297, 1610228489.110804, 1610228495.0975637, 1610228500.4889681, 1610228503.2123008, 1610228508.7579508, 1610228512.3471808, 1610228517.591666, 1610228521.2797809, 1610228526.9800062, 1610228532.517296, 1610228536.3301818, 1610228542.0268831, 1610228545.7900558, 1610228551.392244, 1610228556.9100418, 1610228560.5984962, 1610228566.1850905, 1610228570.0419989, 1610228575.9614277, 1610228581.5178225, 1610228585.3466084], "episode_rewards": [26.0, 47.0, 19.0, 23.0, 14.0, 11.0, 35.0, 79.0, 13.0, 20.0, 64.0, 32.0, 101.0, 101.0, 33.0, 200.0, 21.0, 200.0, 200.0, 200.0, 129.0, 200.0, 200.0, 200.0, 200.0, 200.0, 200.0, 200.0, 200.0, 200.0, 200.0, 200.0, 200.0, 200.0, 200.0, 200.0, 200.0, 200.0, 200.0, 200.0, 200.0, 200.0, 200.0, 200.0, 200.0, 200.0, 200.0, 200.0, 200.0, 200.0, 200.0, 200.0, 200.0, 200.0, 200.0, 200.0, 200.0, 200.0, 200.0, 200.0, 159.0, 200.0, 200.0, 200.0, 200.0, 200.0, 200.0, 200.0, 200.0, 200.0, 200.0, 200.0, 200.0, 200.0, 200.0], "episode_types": ["t", "t", "t", "t", "t", "t", "t", "t", "t", "t", "t", "t", "t", "t", "t", "t", "t", "t", "t", "t", "t", "t", "t", "t", "t", "t", "t", "t", "t", "t", "t", "t", "t", "t", "t", "t", "t", "t", "t", "t", "t", "t", "t", "t", "t", "t", "t", "t", "t", "t", "t", "t", "t", "t", "t", "t", "t", "t", "t", "t", "t", "t", "t", "t", "t", "t", "t", "t", "t", "t", "t", "t", "t", "t", "t", "t"], "initial_reset_timestamp": 1610228343.546052, "episode_lengths": [26, 47, 19, 23, 14, 11, 35, 79, 13, 20, 64, 32, 101, 101, 33, 200, 21, 200, 200, 200, 129, 200, 200, 200, 200, 200, 200, 200, 200, 200, 200, 200, 200, 200, 200, 200, 200, 200, 200, 200, 200, 200, 200, 200, 200, 200, 200, 200, 200, 200, 200, 200, 200, 200, 200, 200, 200, 200, 200, 200, 159, 200, 200, 200, 200, 200, 200, 200, 200, 200, 200, 200, 200, 200, 200]}