{"timestamps": [1610228343.7554815, 1610228343.9482455, 1610228343.980071, 1610228344.0381157, 1610228344.0601404, 1610228345.2942936, 1610228345.4191287, 1610228345.463125, 1610228345.4857473, 1610228345.5162113, 1610228345.5389147, 1610228345.5790005, 1610228346.7557523, 1610228346.9012456, 1610228348.0025976, 1610228349.524163, 1610228350.8532226, 1610228352.0171528, 1610228352.4432442, 1610228353.7561297, 1610228356.1051006, 1610228357.6322238, 1610228360.13999, 1610228361.7008903, 1610228364.3312347, 1610228366.658999, 1610228368.389807, 1610228371.4091794, 1610228373.0952342, 1610228375.9178257, 1610228378.2399423, 1610228379.96001, 1610228382.501722, 1610228384.213402, 1610228386.8055625, 1610228389.4134645, 1610228391.0454583, 1610228393.663307, 1610228395.271989, 1610228399.0811129, 1610228403.3650298, 1610228407.905973, 1610228415.091498, 1610228419.773033, 1610228426.655855, 1610228433.6509073, 1610228438.4495456, 1610228444.655253, 1610228449.3596706, 1610228455.4591765, 1610228461.0713885, 1610228464.730479, 1610228470.2477863, 1610228473.8920074, 1610228479.6123028, 1610228485.193028, 1610228488.89657, 1610228494.8275857, 1610228498.3918056, 1610228502.9626346, 1610228508.4478712, 1610228512.1326168, 1610228517.7590036, 1610228521.3751597, 1610228527.0444574, 1610228532.6887536, 1610228536.4094377, 1610228542.097736, 1610228545.879137, 1610228551.481363, 1610228557.0017843, 1610228560.694219, 1610228566.287463, 1610228570.117035, 1610228576.0584412, 1610228581.6091728, 1610228585.439842], "episode_rewards": [27.0, 44.0, 15.0, 29.0, 10.0, 27.0, 15.0, 22.0, 12.0, 16.0, 11.0, 19.0, 33.0, 26.0, 82.0, 200.0, 98.0, 68.0, 97.0, 89.0, 198.0, 200.0, 200.0, 200.0, 200.0, 200.0, 200.0, 200.0, 200.0, 200.0, 200.0, 200.0, 200.0, 200.0, 200.0, 200.0, 200.0, 200.0, 200.0, 200.0, 200.0, 200.0, 200.0, 200.0, 200.0, 200.0, 200.0, 200.0, 200.0, 200.0, 200.0, 200.0, 200.0, 200.0, 200.0, 200.0, 200.0, 200.0, 200.0, 200.0, 200.0, 200.0, 200.0, 200.0, 200.0, 200.0, 200.0, 200.0, 200.0, 200.0, 200.0, 200.0, 200.0, 200.0, 200.0, 200.0, 200.0], "episode_types": ["t", "t", "t", "t", "t", "t", "t", "t", "t", "t", "t", "t", "t", "t", "t", "t", "t", "t", "t", "t", "t", "t", "t", "t", "t", "t", "t", "t", "t", "t", "t", "t", "t", "t", "t", "t", "t", "t", "t", "t", "t", "t", "t", "t", "t", "t", "t", "t", "t", "t", "t", "t", "t", "t", "t", "t", "t", "t", "t", "t", "t", "t", "t", "t", "t", "t", "t", "t", "t", "t", "t", "t", "t", "t", "t", "t", "t", "t"], "initial_reset_timestamp": 1610228343.546893, "episode_lengths": [27, 44, 15, 29, 10, 27, 15, 22, 12, 16, 11, 19, 33, 26, 82, 200, 98, 68, 97, 89, 198, 200, 200, 200, 200, 200, 200, 200, 200, 200, 200, 200, 200, 200, 200, 200, 200, 200, 200, 200, 200, 200, 200, 200, 200, 200, 200, 200, 200, 200, 200, 200, 200, 200, 200, 200, 200, 200, 200, 200, 200, 200, 200, 200, 200, 200, 200, 200, 200, 200, 200, 200, 200, 200, 200, 200, 200]}