{"timestamps": [1610228343.721214, 1610228343.8926885, 1610228343.921823, 1610228343.960305, 1610228344.0038304, 1610228344.0329623, 1610228345.2785585, 1610228345.4203799, 1610228345.4638505, 1610228345.483891, 1610228345.5221612, 1610228345.576818, 1610228346.9442985, 1610228347.0018222, 1610228348.049263, 1610228348.2303472, 1610228349.1277907, 1610228349.4737682, 1610228350.6071029, 1610228352.40752, 1610228353.7795706, 1610228356.1579468, 1610228357.6554053, 1610228360.0238986, 1610228360.3772202, 1610228362.9761128, 1610228365.4350796, 1610228366.935304, 1610228369.7558327, 1610228371.6801965, 1610228374.6040585, 1610228376.9723608, 1610228378.6169991, 1610228381.1686435, 1610228382.870784, 1610228385.2893412, 1610228386.9129395, 1610228389.6626883, 1610228392.1781788, 1610228393.9033053, 1610228396.4527805, 1610228399.2793992, 1610228404.008762, 1610228410.996117, 1610228415.77883, 1610228422.8042715, 1610228427.391656, 1610228434.3408277, 1610228441.0452936, 1610228445.3591406, 1610228452.329812, 1610228455.8935213, 1610228461.5797493, 1610228467.1639616, 1610228470.7372541, 1610228476.3655999, 1610228480.064776, 1610228485.7751904, 1610228491.4231017, 1610228495.3069274, 1610228500.579015, 1610228502.5629976, 1610228506.165747, 1610228511.7754295, 1610228515.3470154, 1610228521.0628815, 1610228526.6981695, 1610228530.3718317, 1610228536.04221, 1610228539.7164917, 1610228545.5491536, 1610228551.1030006, 1610228554.6805205, 1610228560.3163595, 1610228563.9154367, 1610228569.8272872, 1610228575.6773682, 1610228579.3012645, 1610228585.127752, 1610228588.7281582], "episode_rewards": [18.0, 25.0, 13.0, 21.0, 20.0, 15.0, 36.0, 19.0, 22.0, 11.0, 19.0, 27.0, 83.0, 31.0, 42.0, 45.0, 55.0, 58.0, 71.0, 200.0, 121.0, 200.0, 200.0, 177.0, 96.0, 200.0, 200.0, 200.0, 200.0, 200.0, 200.0, 200.0, 200.0, 200.0, 200.0, 171.0, 200.0, 200.0, 200.0, 200.0, 200.0, 200.0, 200.0, 200.0, 200.0, 200.0, 200.0, 200.0, 200.0, 200.0, 200.0, 200.0, 200.0, 200.0, 200.0, 200.0, 200.0, 200.0, 200.0, 200.0, 200.0, 101.0, 200.0, 200.0, 200.0, 200.0, 200.0, 200.0, 200.0, 200.0, 200.0, 200.0, 200.0, 200.0, 200.0, 200.0, 200.0, 200.0, 200.0, 200.0], "episode_types": ["t", "t", "t", "t", "t", "t", "t", "t", "t", "t", "t", "t", "t", "t", "t", "t", "t", "t", "t", "t", "t", "t", "t", "t", "t", "t", "t", "t", "t", "t", "t", "t", "t", "t", "t", "t", "t", "t", "t", "t", "t", "t", "t", "t", "t", "t", "t", "t", "t", "t", "t", "t", "t", "t", "t", "t", "t", "t", "t", "t", "t", "t", "t", "t", "t", "t", "t", "t", "t", "t", "t", "t", "t", "t", "t", "t", "t", "t", "t", "t", "t"], "initial_reset_timestamp": 1610228343.642822, "episode_lengths": [18, 25, 13, 21, 20, 15, 36, 19, 22, 11, 19, 27, 83, 31, 42, 45, 55, 58, 71, 200, 121, 200, 200, 177, 96, 200, 200, 200, 200, 200, 200, 200, 200, 200, 200, 171, 200, 200, 200, 200, 200, 200, 200, 200, 200, 200, 200, 200, 200, 200, 200, 200, 200, 200, 200, 200, 200, 200, 200, 200, 200, 101, 200, 200, 200, 200, 200, 200, 200, 200, 200, 200, 200, 200, 200, 200, 200, 200, 200, 200]}