{"timestamps": [1610227456.712704, 1610227456.9034274, 1610227456.9472582, 1610227456.992956, 1610227457.8779218, 1610227458.1263154, 1610227458.2312415, 1610227459.239216, 1610227461.2308812, 1610227462.619609, 1610227463.6180396, 1610227465.5658472, 1610227466.9378998, 1610227468.5366452, 1610227469.894022, 1610227471.590411, 1610227472.892079, 1610227474.6879025, 1610227475.930361, 1610227477.82805, 1610227479.5457172, 1610227480.7445126, 1610227482.48641, 1610227483.7825916, 1610227485.6277437, 1610227487.353261, 1610227488.5566452, 1610227490.3158498, 1610227491.515564, 1610227493.7231154, 1610227495.5859258, 1610227497.644983, 1610227499.657065, 1610227501.0357864, 1610227502.9414105, 1610227504.732292, 1610227506.0120335, 1610227507.1016626, 1610227509.050006, 1610227510.154543, 1610227511.9345858, 1610227513.4251642, 1610227515.2728193, 1610227516.5797012, 1610227518.5457516, 1610227520.2926726, 1610227521.721183, 1610227523.8937798, 1610227525.2546601, 1610227526.9424663, 1610227528.2795718, 1610227530.1104064, 1610227531.2924137, 1610227533.8102915, 1610227535.3897972, 1610227537.3223288, 1610227538.7794855, 1610227540.8061845, 1610227542.7256274, 1610227544.2305434, 1610227546.865003, 1610227548.9003196, 1610227552.3699746, 1610227557.6371157, 1610227561.5570776, 1610227565.1989598, 1610227566.5387163, 1610227568.4327037, 1610227570.3552933, 1610227571.9150443], "initial_reset_timestamp": 1610227456.5054379, "episode_types": ["t", "t", "t", "t", "t", "t", "t", "t", "t", "t", "t", "t", "t", "t", "t", "t", "t", "t", "t", "t", "t", "t", "t", "t", "t", "t", "t", "t", "t", "t", "t", "t", "t", "t", "t", "t", "t", "t", "t", "t", "t", "t", "t", "t", "t", "t", "t", "t", "t", "t", "t", "t", "t", "t", "t", "t", "t", "t", "t", "t", "t", "t", "t", "t", "t", "t", "t", "t", "t", "t", "t"], "episode_rewards": [26.0, 47.0, 19.0, 23.0, 22.0, 59.0, 53.0, 85.0, 200.0, 194.0, 84.0, 200.0, 200.0, 164.0, 200.0, 195.0, 200.0, 200.0, 200.0, 200.0, 200.0, 200.0, 200.0, 200.0, 200.0, 200.0, 200.0, 200.0, 200.0, 200.0, 200.0, 200.0, 200.0, 200.0, 185.0, 200.0, 188.0, 149.0, 200.0, 134.0, 200.0, 200.0, 200.0, 200.0, 200.0, 200.0, 200.0, 200.0, 200.0, 155.0, 200.0, 200.0, 151.0, 200.0, 200.0, 200.0, 200.0, 200.0, 200.0, 200.0, 200.0, 200.0, 200.0, 200.0, 200.0, 200.0, 200.0, 200.0, 200.0, 200.0], "episode_lengths": [26, 47, 19, 23, 22, 59, 53, 85, 200, 194, 84, 200, 200, 164, 200, 195, 200, 200, 200, 200, 200, 200, 200, 200, 200, 200, 200, 200, 200, 200, 200, 200, 200, 200, 185, 200, 188, 149, 200, 134, 200, 200, 200, 200, 200, 200, 200, 200, 200, 155, 200, 200, 151, 200, 200, 200, 200, 200, 200, 200, 200, 200, 200, 200, 200, 200, 200, 200, 200, 200]}