{"timestamps": [1610227456.7192876, 1610227456.8993404, 1610227456.9338496, 1610227456.9935129, 1610227457.014874, 1610227457.9544373, 1610227458.127191, 1610227458.1941638, 1610227459.2138858, 1610227459.3190074, 1610227461.2482183, 1610227462.5893734, 1610227464.581625, 1610227465.8998308, 1610227467.6908395, 1610227468.7224534, 1610227469.7502394, 1610227470.908714, 1610227472.7501273, 1610227474.5960212, 1610227475.8776467, 1610227477.67739, 1610227478.8478084, 1610227480.5939856, 1610227482.3180556, 1610227483.6377852, 1610227485.4850059, 1610227486.671019, 1610227488.4195125, 1610227490.230533, 1610227491.4579597, 1610227493.6461709, 1610227494.8725529, 1610227497.3936033, 1610227499.4594014, 1610227500.8914573, 1610227502.8190305, 1610227504.0689914, 1610227506.0052984, 1610227507.8268197, 1610227509.106942, 1610227510.8870046, 1610227512.3561237, 1610227514.3155007, 1610227515.531209, 1610227517.4662607, 1610227519.3728201, 1610227520.6728806, 1610227522.8269038, 1610227524.0019312, 1610227525.13735, 1610227527.037046, 1610227528.3332462, 1610227530.1748495, 1610227532.1323154, 1610227534.1058736, 1610227536.2693465, 1610227537.5728273, 1610227539.751175, 1610227541.6010916, 1610227543.063942, 1610227545.2301805, 1610227547.2380433, 1610227550.3330102, 1610227554.729543, 1610227558.4713051, 1610227563.720615, 1610227565.4752347, 1610227567.355255, 1610227569.213864, 1610227570.680995, 1610227572.7770057], "initial_reset_timestamp": 1610227456.506508, "episode_types": ["t", "t", "t", "t", "t", "t", "t", "t", "t", "t", "t", "t", "t", "t", "t", "t", "t", "t", "t", "t", "t", "t", "t", "t", "t", "t", "t", "t", "t", "t", "t", "t", "t", "t", "t", "t", "t", "t", "t", "t", "t", "t", "t", "t", "t", "t", "t", "t", "t", "t", "t", "t", "t", "t", "t", "t", "t", "t", "t", "t", "t", "t", "t", "t", "t", "t", "t", "t", "t", "t", "t", "t", "t"], "episode_rewards": [27.0, 44.0, 15.0, 29.0, 10.0, 33.0, 38.0, 35.0, 96.0, 37.0, 176.0, 170.0, 200.0, 200.0, 158.0, 133.0, 143.0, 196.0, 200.0, 200.0, 200.0, 200.0, 200.0, 200.0, 200.0, 200.0, 200.0, 200.0, 200.0, 200.0, 200.0, 200.0, 200.0, 200.0, 200.0, 200.0, 200.0, 200.0, 200.0, 200.0, 177.0, 200.0, 200.0, 200.0, 200.0, 200.0, 184.0, 199.0, 200.0, 159.0, 150.0, 200.0, 200.0, 200.0, 200.0, 200.0, 200.0, 200.0, 200.0, 200.0, 200.0, 200.0, 200.0, 200.0, 200.0, 200.0, 200.0, 200.0, 200.0, 200.0, 200.0, 200.0], "episode_lengths": [27, 44, 15, 29, 10, 33, 38, 35, 96, 37, 176, 170, 200, 200, 158, 133, 143, 196, 200, 200, 200, 200, 200, 200, 200, 200, 200, 200, 200, 200, 200, 200, 200, 200, 200, 200, 200, 200, 200, 200, 177, 200, 200, 200, 200, 200, 184, 199, 200, 159, 150, 200, 200, 200, 200, 200, 200, 200, 200, 200, 200, 200, 200, 200, 200, 200, 200, 200, 200, 200, 200, 200]}