{"timestamps": [1610227456.7202275, 1610227456.8473454, 1610227456.937749, 1610227457.8330712, 1610227458.0748181, 1610227458.198489, 1610227459.159337, 1610227459.3260272, 1610227460.2529569, 1610227462.2628298, 1610227463.7732003, 1610227464.7445061, 1610227466.703342, 1610227467.7325904, 1610227468.7801569, 1610227469.9147353, 1610227471.686473, 1610227472.9241157, 1610227474.8082335, 1610227476.641409, 1610227477.8565888, 1610227479.5979154, 1610227480.7776299, 1610227482.5134382, 1610227484.4554386, 1610227485.6585553, 1610227487.406766, 1610227488.587799, 1610227490.4399025, 1610227492.306114, 1610227493.853427, 1610227495.6425982, 1610227497.746119, 1610227499.6926398, 1610227501.6273313, 1610227503.0044022, 1610227504.838538, 1610227506.1701815, 1610227508.0462134, 1610227509.9552288, 1610227511.218209, 1610227512.4261737, 1610227514.4897852, 1610227515.4988723, 1610227517.417795, 1610227518.7475507, 1610227520.5752504, 1610227522.8131084, 1610227524.171943, 1610227526.0554104, 1610227527.3043818, 1610227529.2475634, 1610227531.0777702, 1610227532.628547, 1610227535.2042484, 1610227536.5048237, 1610227538.5881765, 1610227540.5819952, 1610227541.9774134, 1610227544.0192595, 1610227545.472373, 1610227548.7331457, 1610227551.7972593, 1610227555.6331036, 1610227560.9627395, 1610227564.2684932, 1610227566.4587827, 1610227568.2018702, 1610227569.5195923, 1610227571.7149534, 1610227573.0229595], "initial_reset_timestamp": 1610227456.5076919, "episode_types": ["t", "t", "t", "t", "t", "t", "t", "t", "t", "t", "t", "t", "t", "t", "t", "t", "t", "t", "t", "t", "t", "t", "t", "t", "t", "t", "t", "t", "t", "t", "t", "t", "t", "t", "t", "t", "t", "t", "t", "t", "t", "t", "t", "t", "t", "t", "t", "t", "t", "t", "t", "t", "t", "t", "t", "t", "t", "t", "t", "t", "t", "t", "t", "t", "t", "t", "t", "t", "t", "t", "t", "t"], "episode_rewards": [27.0, 18.0, 43.0, 39.0, 42.0, 64.0, 64.0, 71.0, 76.0, 200.0, 200.0, 102.0, 200.0, 134.0, 148.0, 161.0, 200.0, 200.0, 200.0, 200.0, 200.0, 200.0, 200.0, 200.0, 200.0, 200.0, 200.0, 200.0, 200.0, 200.0, 200.0, 200.0, 200.0, 200.0, 200.0, 200.0, 200.0, 200.0, 200.0, 200.0, 200.0, 161.0, 200.0, 146.0, 200.0, 200.0, 200.0, 200.0, 200.0, 200.0, 200.0, 190.0, 200.0, 200.0, 200.0, 200.0, 200.0, 200.0, 200.0, 200.0, 200.0, 200.0, 200.0, 200.0, 200.0, 200.0, 200.0, 200.0, 200.0, 200.0, 200.0], "episode_lengths": [27, 18, 43, 39, 42, 64, 64, 71, 76, 200, 200, 102, 200, 134, 148, 161, 200, 200, 200, 200, 200, 200, 200, 200, 200, 200, 200, 200, 200, 200, 200, 200, 200, 200, 200, 200, 200, 200, 200, 200, 200, 161, 200, 146, 200, 200, 200, 200, 200, 200, 200, 190, 200, 200, 200, 200, 200, 200, 200, 200, 200, 200, 200, 200, 200, 200, 200, 200, 200, 200, 200]}