{"timestamps": [1610227456.6724145, 1610227456.7394474, 1610227456.8696735, 1610227456.9159772, 1610227456.9734, 1610227456.9977677, 1610227457.833861, 1610227457.987662, 1610227458.1309588, 1610227459.0329583, 1610227459.1892753, 1610227460.2103953, 1610227461.3005736, 1610227463.371503, 1610227463.8097084, 1610227465.7713325, 1610227466.9910576, 1610227467.9394376, 1610227469.7398188, 1610227470.8844566, 1610227472.7280364, 1610227474.5542638, 1610227475.8567328, 1610227477.6426413, 1610227478.8265595, 1610227480.5740144, 1610227482.2731452, 1610227483.6158233, 1610227485.4413912, 1610227486.650028, 1610227488.3994818, 1610227490.092783, 1610227491.4328632, 1610227493.5082262, 1610227494.8421898, 1610227497.3193066, 1610227499.411427, 1610227500.8668697, 1610227502.7790675, 1610227504.0427492, 1610227505.9785142, 1610227507.7765903, 1610227509.2143095, 1610227511.0092986, 1610227511.2609227, 1610227513.3070402, 1610227515.141213, 1610227516.4711294, 1610227518.513555, 1610227519.728441, 1610227521.6977363, 1610227523.8428776, 1610227525.1458802, 1610227527.0520859, 1610227528.341966, 1610227529.9617267, 1610227531.1474621, 1610227532.7682323, 1610227535.257859, 1610227537.2425528, 1610227538.7352579, 1610227540.7430515, 1610227542.014376, 1610227544.1800184, 1610227546.722652, 1610227548.8130686, 1610227552.0796654, 1610227555.9176717, 1610227561.2293181, 1610227565.0256355, 1610227566.5015347, 1610227568.2894077, 1610227569.643326, 1610227571.8610344], "initial_reset_timestamp": 1610227456.515989, "episode_types": ["t", "t", "t", "t", "t", "t", "t", "t", "t", "t", "t", "t", "t", "t", "t", "t", "t", "t", "t", "t", "t", "t", "t", "t", "t", "t", "t", "t", "t", "t", "t", "t", "t", "t", "t", "t", "t", "t", "t", "t", "t", "t", "t", "t", "t", "t", "t", "t", "t", "t", "t", "t", "t", "t", "t", "t", "t", "t", "t", "t", "t", "t", "t", "t", "t", "t", "t", "t", "t", "t", "t", "t", "t", "t", "t"], "episode_rewards": [15.0, 21.0, 18.0, 25.0, 25.0, 12.0, 11.0, 41.0, 29.0, 87.0, 29.0, 111.0, 141.0, 200.0, 96.0, 182.0, 200.0, 97.0, 200.0, 186.0, 200.0, 200.0, 200.0, 200.0, 200.0, 200.0, 200.0, 200.0, 200.0, 200.0, 200.0, 200.0, 200.0, 200.0, 200.0, 200.0, 200.0, 200.0, 200.0, 200.0, 200.0, 200.0, 200.0, 200.0, 88.0, 200.0, 200.0, 200.0, 200.0, 200.0, 200.0, 200.0, 200.0, 200.0, 200.0, 148.0, 147.0, 200.0, 200.0, 200.0, 200.0, 200.0, 200.0, 200.0, 200.0, 200.0, 200.0, 200.0, 200.0, 200.0, 200.0, 200.0, 200.0, 200.0], "episode_lengths": [15, 21, 18, 25, 25, 12, 11, 41, 29, 87, 29, 111, 141, 200, 96, 182, 200, 97, 200, 186, 200, 200, 200, 200, 200, 200, 200, 200, 200, 200, 200, 200, 200, 200, 200, 200, 200, 200, 200, 200, 200, 200, 200, 200, 88, 200, 200, 200, 200, 200, 200, 200, 200, 200, 200, 148, 147, 200, 200, 200, 200, 200, 200, 200, 200, 200, 200, 200, 200, 200, 200, 200, 200, 200]}