{"timestamps": [1610227456.671576, 1610227456.8446364, 1610227456.8789055, 1610227456.9138849, 1610227456.9509828, 1610227456.9953315, 1610227457.8945112, 1610227458.1333132, 1610227458.2175496, 1610227459.1385236, 1610227460.3537, 1610227462.4651172, 1610227463.4011002, 1610227464.7854996, 1610227466.7621603, 1610227467.7840197, 1610227468.9030867, 1610227470.5149646, 1610227471.878364, 1610227473.6616662, 1610227474.888264, 1610227476.7451637, 1610227478.444405, 1610227479.7617598, 1610227481.5088134, 1610227482.6732116, 1610227484.5708745, 1610227486.2564082, 1610227487.5704215, 1610227489.3243227, 1610227490.5179129, 1610227492.5272086, 1610227494.5647626, 1610227495.7981248, 1610227498.5931804, 1610227499.8638039, 1610227501.8427007, 1610227503.604668, 1610227505.0089908, 1610227506.8797145, 1610227508.2067723, 1610227510.161792, 1610227511.951002, 1610227513.4380534, 1610227515.2819233, 1610227516.5854208, 1610227518.546755, 1610227520.2991378, 1610227521.7221284, 1610227523.7190683, 1610227525.1294153, 1610227526.2936733, 1610227528.2559638, 1610227530.0702822, 1610227531.3557048, 1610227534.0129046, 1610227535.4586177, 1610227537.4895868, 1610227539.5299578, 1610227540.956221, 1610227542.9296541, 1610227544.3863204, 1610227547.0827148, 1610227550.1139896, 1610227552.7786884, 1610227558.011044, 1610227561.9421465, 1610227565.3877854, 1610227567.2586298, 1610227568.4920008, 1610227570.473721, 1610227571.9842322], "initial_reset_timestamp": 1610227456.5088074, "episode_types": ["t", "t", "t", "t", "t", "t", "t", "t", "t", "t", "t", "t", "t", "t", "t", "t", "t", "t", "t", "t", "t", "t", "t", "t", "t", "t", "t", "t", "t", "t", "t", "t", "t", "t", "t", "t", "t", "t", "t", "t", "t", "t", "t", "t", "t", "t", "t", "t", "t", "t", "t", "t", "t", "t", "t", "t", "t", "t", "t", "t", "t", "t", "t", "t", "t", "t", "t", "t", "t", "t", "t", "t", "t"], "episode_rewards": [15.0, 29.0, 15.0, 19.0, 15.0, 22.0, 25.0, 58.0, 44.0, 46.0, 200.0, 200.0, 86.0, 189.0, 200.0, 143.0, 140.0, 189.0, 200.0, 200.0, 200.0, 200.0, 200.0, 200.0, 200.0, 200.0, 200.0, 200.0, 200.0, 200.0, 200.0, 200.0, 200.0, 200.0, 200.0, 200.0, 200.0, 195.0, 200.0, 200.0, 200.0, 200.0, 200.0, 200.0, 200.0, 200.0, 197.0, 200.0, 200.0, 177.0, 200.0, 166.0, 200.0, 200.0, 200.0, 200.0, 200.0, 200.0, 200.0, 200.0, 200.0, 200.0, 200.0, 200.0, 200.0, 200.0, 200.0, 200.0, 200.0, 200.0, 200.0, 200.0], "episode_lengths": [15, 29, 15, 19, 15, 22, 25, 58, 44, 46, 200, 200, 86, 189, 200, 143, 140, 189, 200, 200, 200, 200, 200, 200, 200, 200, 200, 200, 200, 200, 200, 200, 200, 200, 200, 200, 200, 195, 200, 200, 200, 200, 200, 200, 200, 200, 197, 200, 200, 177, 200, 166, 200, 200, 200, 200, 200, 200, 200, 200, 200, 200, 200, 200, 200, 200, 200, 200, 200, 200, 200, 200]}