{"timestamps": [1610227456.6883068, 1610227456.733117, 1610227456.8453197, 1610227456.8844666, 1610227456.9632244, 1610227457.002414, 1610227458.188558, 1610227459.155374, 1610227459.2852964, 1610227460.2404528, 1610227461.0305245, 1610227461.4552002, 1610227462.6368527, 1610227464.542619, 1610227465.6107333, 1610227466.958417, 1610227467.9588637, 1610227469.7104545, 1610227470.7486532, 1610227472.567271, 1610227473.8667314, 1610227475.710399, 1610227476.928947, 1610227478.7725148, 1610227480.4029365, 1610227481.6887949, 1610227483.5299082, 1610227484.7530324, 1610227486.513555, 1610227488.226921, 1610227489.5103228, 1610227491.2795696, 1610227492.662182, 1610227494.7956572, 1610227497.04268, 1610227498.789149, 1610227500.7880294, 1610227502.0277352, 1610227503.8821824, 1610227505.8783145, 1610227507.1045651, 1610227509.0569472, 1610227510.2767048, 1610227511.2218637, 1610227512.4009542, 1610227514.4682982, 1610227516.2077675, 1610227517.5897672, 1610227519.504554, 1610227520.7459419, 1610227522.9131234, 1610227524.8834977, 1610227526.2211375, 1610227528.1179109, 1610227529.336291, 1610227531.300021, 1610227533.8219736, 1610227535.3973308, 1610227537.339395, 1610227538.789878, 1610227540.8140025, 1610227542.7474606, 1610227544.23872, 1610227546.8788927, 1610227548.9163518, 1610227552.4025462, 1610227557.6774225, 1610227561.5899713, 1610227565.2086031, 1610227566.5507255, 1610227568.4403784, 1610227570.3709745, 1610227571.9221725], "initial_reset_timestamp": 1610227456.5132282, "episode_types": ["t", "t", "t", "t", "t", "t", "t", "t", "t", "t", "t", "t", "t", "t", "t", "t", "t", "t", "t", "t", "t", "t", "t", "t", "t", "t", "t", "t", "t", "t", "t", "t", "t", "t", "t", "t", "t", "t", "t", "t", "t", "t", "t", "t", "t", "t", "t", "t", "t", "t", "t", "t", "t", "t", "t", "t", "t", "t", "t", "t", "t", "t", "t", "t", "t", "t", "t", "t", "t", "t", "t", "t", "t", "t"], "episode_rewards": [19.0, 14.0, 11.0, 18.0, 38.0, 19.0, 109.0, 67.0, 57.0, 87.0, 64.0, 99.0, 137.0, 158.0, 125.0, 200.0, 129.0, 180.0, 163.0, 200.0, 200.0, 200.0, 200.0, 200.0, 200.0, 200.0, 200.0, 200.0, 200.0, 200.0, 200.0, 200.0, 200.0, 200.0, 200.0, 200.0, 200.0, 200.0, 200.0, 200.0, 200.0, 200.0, 200.0, 96.0, 147.0, 200.0, 200.0, 200.0, 200.0, 200.0, 200.0, 200.0, 200.0, 200.0, 200.0, 200.0, 200.0, 200.0, 200.0, 200.0, 200.0, 200.0, 200.0, 200.0, 200.0, 200.0, 200.0, 200.0, 200.0, 200.0, 200.0, 200.0, 200.0], "episode_lengths": [19, 14, 11, 18, 38, 19, 109, 67, 57, 87, 64, 99, 137, 158, 125, 200, 129, 180, 163, 200, 200, 200, 200, 200, 200, 200, 200, 200, 200, 200, 200, 200, 200, 200, 200, 200, 200, 200, 200, 200, 200, 200, 200, 96, 147, 200, 200, 200, 200, 200, 200, 200, 200, 200, 200, 200, 200, 200, 200, 200, 200, 200, 200, 200, 200, 200, 200, 200, 200, 200, 200, 200, 200]}