{"timestamps": [1610227456.686016, 1610227456.8420572, 1610227456.8735285, 1610227456.911352, 1610227456.9583988, 1610227456.9882762, 1610227457.9351945, 1610227458.2182832, 1610227459.1433425, 1610227459.2207913, 1610227459.984901, 1610227461.3196044, 1610227463.4103522, 1610227464.838085, 1610227466.8784654, 1610227467.9560068, 1610227468.9901965, 1610227470.5379903, 1610227471.88741, 1610227473.6782477, 1610227474.898976, 1610227476.7546651, 1610227478.5573752, 1610227479.7709193, 1610227481.6039324, 1610227482.6829314, 1610227484.580112, 1610227486.276014, 1610227487.5801406, 1610227489.3362691, 1610227490.5310786, 1610227492.5420713, 1610227494.5877066, 1610227495.8224318, 1610227498.6116078, 1610227499.8732123, 1610227501.8542929, 1610227503.6438088, 1610227505.029202, 1610227506.921355, 1610227508.2278965, 1610227510.1795921, 1610227511.990014, 1610227513.4569802, 1610227515.311612, 1610227516.6053152, 1610227518.5665097, 1610227520.3388395, 1610227521.7431922, 1610227523.9396095, 1610227525.2775457, 1610227527.199069, 1610227529.0378666, 1610227530.1260815, 1610227531.394219, 1610227534.0538146, 1610227536.1892753, 1610227537.5229986, 1610227539.5773096, 1610227540.9782887, 1610227542.9788926, 1610227545.0694296, 1610227547.1421204, 1610227550.155985, 1610227552.9493098, 1610227558.1734092, 1610227563.4372585, 1610227565.4392545, 1610227567.3009017, 1610227568.5163019, 1610227570.6132562, 1610227572.6039093], "initial_reset_timestamp": 1610227456.5140097, "episode_types": ["t", "t", "t", "t", "t", "t", "t", "t", "t", "t", "t", "t", "t", "t", "t", "t", "t", "t", "t", "t", "t", "t", "t", "t", "t", "t", "t", "t", "t", "t", "t", "t", "t", "t", "t", "t", "t", "t", "t", "t", "t", "t", "t", "t", "t", "t", "t", "t", "t", "t", "t", "t", "t", "t", "t", "t", "t", "t", "t", "t", "t", "t", "t", "t", "t", "t", "t", "t", "t", "t", "t", "t", "t"], "episode_rewards": [18.0, 25.0, 13.0, 21.0, 20.0, 15.0, 41.0, 89.0, 48.0, 40.0, 47.0, 200.0, 200.0, 200.0, 200.0, 173.0, 144.0, 146.0, 200.0, 200.0, 200.0, 200.0, 200.0, 200.0, 200.0, 200.0, 200.0, 200.0, 200.0, 200.0, 200.0, 200.0, 200.0, 200.0, 200.0, 200.0, 200.0, 200.0, 200.0, 200.0, 200.0, 200.0, 200.0, 200.0, 200.0, 200.0, 200.0, 200.0, 200.0, 200.0, 200.0, 200.0, 200.0, 147.0, 200.0, 197.0, 200.0, 200.0, 200.0, 200.0, 200.0, 200.0, 200.0, 200.0, 200.0, 200.0, 200.0, 200.0, 200.0, 200.0, 200.0, 200.0], "episode_lengths": [18, 25, 13, 21, 20, 15, 41, 89, 48, 40, 47, 200, 200, 200, 200, 173, 144, 146, 200, 200, 200, 200, 200, 200, 200, 200, 200, 200, 200, 200, 200, 200, 200, 200, 200, 200, 200, 200, 200, 200, 200, 200, 200, 200, 200, 200, 200, 200, 200, 200, 200, 200, 200, 147, 200, 197, 200, 200, 200, 200, 200, 200, 200, 200, 200, 200, 200, 200, 200, 200, 200, 200]}