{"timestamps": [1610227456.7371502, 1610227456.8440328, 1610227456.8957946, 1610227456.9403744, 1610227456.99406, 1610227457.862271, 1610227458.0842688, 1610227458.170558, 1610227459.219677, 1610227460.3406765, 1610227462.4610949, 1610227463.4394422, 1610227464.8536305, 1610227466.890818, 1610227467.9169226, 1610227468.941085, 1610227469.9408073, 1610227471.6090598, 1610227472.9031913, 1610227474.78594, 1610227475.9404838, 1610227477.8349295, 1610227479.5610209, 1610227480.7521179, 1610227482.493047, 1610227483.789141, 1610227485.6381993, 1610227487.3673189, 1610227488.5634084, 1610227490.3228767, 1610227491.523093, 1610227493.824128, 1610227495.6001174, 1610227497.6739051, 1610227499.6705315, 1610227501.042685, 1610227502.9835927, 1610227504.7957747, 1610227506.1493933, 1610227508.0126536, 1610227509.291855, 1610227511.0192769, 1610227512.379969, 1610227514.4445646, 1610227516.172504, 1610227517.4550166, 1610227519.407631, 1610227520.6915622, 1610227522.8629835, 1610227524.1981683, 1610227526.0820727, 1610227527.9419496, 1610227529.286344, 1610227531.1503525, 1610227532.780169, 1610227535.122815, 1610227536.4669929, 1610227538.505358, 1610227539.972354, 1610227541.8451068, 1610227543.9459105, 1610227545.4249828, 1610227548.6460123, 1610227550.5407667, 1610227555.389313, 1610227560.6906104, 1610227564.1898844, 1610227566.3340204, 1610227567.5280902, 1610227569.4741042, 1610227571.6382318, 1610227572.9828274], "initial_reset_timestamp": 1610227456.5069165, "episode_types": ["t", "t", "t", "t", "t", "t", "t", "t", "t", "t", "t", "t", "t", "t", "t", "t", "t", "t", "t", "t", "t", "t", "t", "t", "t", "t", "t", "t", "t", "t", "t", "t", "t", "t", "t", "t", "t", "t", "t", "t", "t", "t", "t", "t", "t", "t", "t", "t", "t", "t", "t", "t", "t", "t", "t", "t", "t", "t", "t", "t", "t", "t", "t", "t", "t", "t", "t", "t", "t", "t", "t", "t", "t"], "episode_rewards": [35.0, 9.0, 25.0, 20.0, 26.0, 19.0, 40.0, 44.0, 112.0, 156.0, 200.0, 99.0, 200.0, 200.0, 145.0, 136.0, 138.0, 171.0, 200.0, 200.0, 200.0, 200.0, 200.0, 200.0, 200.0, 200.0, 200.0, 200.0, 200.0, 200.0, 200.0, 200.0, 200.0, 200.0, 200.0, 200.0, 200.0, 200.0, 200.0, 200.0, 200.0, 154.0, 200.0, 200.0, 200.0, 181.0, 200.0, 200.0, 200.0, 200.0, 200.0, 200.0, 200.0, 200.0, 200.0, 154.0, 200.0, 200.0, 200.0, 200.0, 200.0, 200.0, 200.0, 200.0, 200.0, 200.0, 200.0, 200.0, 200.0, 200.0, 200.0, 200.0], "episode_lengths": [35, 9, 25, 20, 26, 19, 40, 44, 112, 156, 200, 99, 200, 200, 145, 136, 138, 171, 200, 200, 200, 200, 200, 200, 200, 200, 200, 200, 200, 200, 200, 200, 200, 200, 200, 200, 200, 200, 200, 200, 200, 154, 200, 200, 200, 181, 200, 200, 200, 200, 200, 200, 200, 200, 200, 154, 200, 200, 200, 200, 200, 200, 200, 200, 200, 200, 200, 200, 200, 200, 200, 200]}