{"timestamps": [1610227456.7207499, 1610227456.8558948, 1610227456.943159, 1610227457.828982, 1610227458.1140454, 1610227460.0247352, 1610227461.4332662, 1610227462.636104, 1610227464.7319314, 1610227466.6754453, 1610227467.9279034, 1610227468.8967428, 1610227470.5531127, 1610227471.8895574, 1610227473.6818275, 1610227474.901524, 1610227476.8454993, 1610227478.559995, 1610227479.773115, 1610227481.6062965, 1610227482.6850905, 1610227484.670772, 1610227486.2787256, 1610227487.5824058, 1610227489.3387773, 1610227490.5340407, 1610227492.5445154, 1610227494.5921104, 1610227495.8287678, 1610227498.6180966, 1610227499.8754709, 1610227501.8573527, 1610227503.6510382, 1610227505.0348747, 1610227506.926558, 1610227508.2301862, 1610227510.18189, 1610227511.9977493, 1610227513.4600618, 1610227515.321244, 1610227516.4749813, 1610227518.5254483, 1610227519.7326188, 1610227521.7031775, 1610227523.8552904, 1610227525.1506164, 1610227527.0570693, 1610227528.3456616, 1610227530.1874287, 1610227532.1551008, 1610227534.1969132, 1610227536.2788932, 1610227537.5788362, 1610227539.763912, 1610227541.6127274, 1610227543.0718653, 1610227545.2414513, 1610227547.247845, 1610227550.3451273, 1610227554.7518933, 1610227558.499028, 1610227563.7423074, 1610227565.4806921, 1610227567.360998, 1610227569.2304463, 1610227570.6958134, 1610227572.7845469], "initial_reset_timestamp": 1610227456.5080802, "episode_types": ["t", "t", "t", "t", "t", "t", "t", "t", "t", "t", "t", "t", "t", "t", "t", "t", "t", "t", "t", "t", "t", "t", "t", "t", "t", "t", "t", "t", "t", "t", "t", "t", "t", "t", "t", "t", "t", "t", "t", "t", "t", "t", "t", "t", "t", "t", "t", "t", "t", "t", "t", "t", "t", "t", "t", "t", "t", "t", "t", "t", "t", "t", "t", "t", "t", "t", "t", "t"], "episode_rewards": [27.0, 21.0, 42.0, 36.0, 63.0, 200.0, 200.0, 150.0, 200.0, 200.0, 196.0, 108.0, 200.0, 198.0, 200.0, 200.0, 200.0, 200.0, 200.0, 200.0, 200.0, 200.0, 200.0, 200.0, 200.0, 200.0, 200.0, 200.0, 200.0, 200.0, 200.0, 200.0, 200.0, 200.0, 200.0, 200.0, 200.0, 200.0, 200.0, 200.0, 175.0, 200.0, 200.0, 200.0, 200.0, 200.0, 200.0, 200.0, 200.0, 196.0, 200.0, 200.0, 200.0, 200.0, 200.0, 200.0, 200.0, 200.0, 200.0, 200.0, 200.0, 200.0, 200.0, 200.0, 200.0, 200.0, 200.0], "episode_lengths": [27, 21, 42, 36, 63, 200, 200, 150, 200, 200, 196, 108, 200, 198, 200, 200, 200, 200, 200, 200, 200, 200, 200, 200, 200, 200, 200, 200, 200, 200, 200, 200, 200, 200, 200, 200, 200, 200, 200, 200, 175, 200, 200, 200, 200, 200, 200, 200, 200, 196, 200, 200, 200, 200, 200, 200, 200, 200, 200, 200, 200, 200, 200, 200, 200, 200, 200]}