{"timestamps": [1610227456.8411849, 1610227456.8783138, 1610227456.8998992, 1610227456.9177456, 1610227456.9425037, 1610227456.9754295, 1610227457.0045657, 1610227458.1031716, 1610227458.171605, 1610227458.971373, 1610227459.176476, 1610227459.2646816, 1610227460.3261209, 1610227462.202977, 1610227463.6475482, 1610227465.6273665, 1610227466.9455898, 1610227467.9676373, 1610227468.9423275, 1610227469.9285066, 1610227471.807427, 1610227472.9415112, 1610227474.8266795, 1610227476.6746397, 1610227477.8708246, 1610227479.7029552, 1610227480.7916718, 1610227482.611613, 1610227484.4885485, 1610227485.6724014, 1610227487.4212372, 1610227488.6019628, 1610227490.4574525, 1610227492.3347888, 1610227493.8696816, 1610227495.6748827, 1610227497.7845685, 1610227499.7946165, 1610227501.6565197, 1610227503.0258496, 1610227504.9559796, 1610227506.1838493, 1610227508.060403, 1610227509.2443278, 1610227510.1670868, 1610227511.2208538, 1610227513.244302, 1610227514.4961288, 1610227516.2630453, 1610227517.6189852, 1610227519.6325583, 1610227521.432013, 1610227523.0420833, 1610227524.937032, 1610227526.2686398, 1610227528.1425939, 1610227529.9339533, 1610227531.328136, 1610227532.8100429, 1610227535.3591146, 1610227537.267539, 1610227538.7496588, 1610227540.7731786, 1610227542.0312014, 1610227544.2039967, 1610227546.7649798, 1610227548.8407805, 1610227552.1455643, 1610227556.047259, 1610227561.346114, 1610227565.1440256, 1610227566.513661, 1610227568.3120463, 1610227569.6596258, 1610227571.8757808], "initial_reset_timestamp": 1610227456.5073183, "episode_types": ["t", "t", "t", "t", "t", "t", "t", "t", "t", "t", "t", "t", "t", "t", "t", "t", "t", "t", "t", "t", "t", "t", "t", "t", "t", "t", "t", "t", "t", "t", "t", "t", "t", "t", "t", "t", "t", "t", "t", "t", "t", "t", "t", "t", "t", "t", "t", "t", "t", "t", "t", "t", "t", "t", "t", "t", "t", "t", "t", "t", "t", "t", "t", "t", "t", "t", "t", "t", "t", "t", "t", "t", "t", "t", "t", "t"], "episode_rewards": [43.0, 16.0, 12.0, 9.0, 10.0, 15.0, 15.0, 63.0, 35.0, 47.0, 40.0, 42.0, 133.0, 147.0, 200.0, 200.0, 189.0, 139.0, 111.0, 132.0, 200.0, 200.0, 200.0, 200.0, 200.0, 200.0, 200.0, 200.0, 200.0, 200.0, 200.0, 200.0, 200.0, 200.0, 200.0, 200.0, 200.0, 200.0, 200.0, 200.0, 200.0, 200.0, 200.0, 146.0, 89.0, 157.0, 200.0, 163.0, 200.0, 200.0, 200.0, 200.0, 200.0, 200.0, 200.0, 200.0, 200.0, 200.0, 164.0, 200.0, 200.0, 200.0, 200.0, 200.0, 200.0, 200.0, 200.0, 200.0, 200.0, 200.0, 200.0, 200.0, 200.0, 200.0, 200.0], "episode_lengths": [43, 16, 12, 9, 10, 15, 15, 63, 35, 47, 40, 42, 133, 147, 200, 200, 189, 139, 111, 132, 200, 200, 200, 200, 200, 200, 200, 200, 200, 200, 200, 200, 200, 200, 200, 200, 200, 200, 200, 200, 200, 200, 200, 146, 89, 157, 200, 163, 200, 200, 200, 200, 200, 200, 200, 200, 200, 200, 164, 200, 200, 200, 200, 200, 200, 200, 200, 200, 200, 200, 200, 200, 200, 200, 200]}