{"timestamps": [1610227456.7090127, 1610227456.7428806, 1610227456.9071324, 1610227456.9576392, 1610227456.994684, 1610227457.8547797, 1610227457.9591677, 1610227458.1300652, 1610227458.165026, 1610227458.2275617, 1610227459.2233856, 1610227460.2600477, 1610227462.2795134, 1610227463.4124734, 1610227463.8357577, 1610227465.7863903, 1610227467.0052958, 1610227468.784152, 1610227469.8570666, 1610227470.7683377, 1610227472.6916718, 1610227473.887832, 1610227475.8243573, 1610227477.576666, 1610227478.7945015, 1610227480.52745, 1610227481.708239, 1610227483.5737367, 1610227485.3807113, 1610227486.6184177, 1610227488.3572803, 1610227489.5320923, 1610227491.301981, 1610227493.4411798, 1610227494.814866, 1610227497.1998444, 1610227498.8110697, 1610227500.831305, 1610227502.7219877, 1610227503.992277, 1610227505.920247, 1610227507.1237354, 1610227509.089788, 1610227510.8576083, 1610227512.2447958, 1610227514.2861958, 1610227515.5153053, 1610227517.449654, 1610227519.3983493, 1610227520.6862707, 1610227522.8551989, 1610227524.192175, 1610227526.0769374, 1610227527.9274354, 1610227529.1193001, 1610227530.359067, 1610227532.5495071, 1610227535.1320345, 1610227536.4714632, 1610227538.5179434, 1610227539.977964, 1610227541.8525915, 1610227543.9543602, 1610227545.4330754, 1610227548.6545455, 1610227550.5536683, 1610227555.408386, 1610227560.7113721, 1610227564.2023098, 1610227566.3390744, 1610227567.5324845, 1610227569.487102, 1610227571.6458955, 1610227572.990636], "initial_reset_timestamp": 1610227456.5084655, "episode_types": ["t", "t", "t", "t", "t", "t", "t", "t", "t", "t", "t", "t", "t", "t", "t", "t", "t", "t", "t", "t", "t", "t", "t", "t", "t", "t", "t", "t", "t", "t", "t", "t", "t", "t", "t", "t", "t", "t", "t", "t", "t", "t", "t", "t", "t", "t", "t", "t", "t", "t", "t", "t", "t", "t", "t", "t", "t", "t", "t", "t", "t", "t", "t", "t", "t", "t", "t", "t", "t", "t", "t", "t", "t", "t", "t"], "episode_rewards": [24.0, 14.0, 37.0, 22.0, 18.0, 17.0, 27.0, 38.0, 18.0, 32.0, 84.0, 117.0, 200.0, 130.0, 96.0, 175.0, 200.0, 181.0, 123.0, 154.0, 200.0, 200.0, 200.0, 200.0, 200.0, 200.0, 200.0, 200.0, 200.0, 200.0, 200.0, 200.0, 200.0, 200.0, 200.0, 200.0, 200.0, 200.0, 200.0, 200.0, 200.0, 200.0, 200.0, 200.0, 200.0, 200.0, 200.0, 200.0, 200.0, 200.0, 200.0, 200.0, 200.0, 200.0, 159.0, 200.0, 200.0, 200.0, 200.0, 200.0, 200.0, 200.0, 200.0, 200.0, 200.0, 200.0, 200.0, 200.0, 200.0, 200.0, 200.0, 200.0, 200.0, 200.0], "episode_lengths": [24, 14, 37, 22, 18, 17, 27, 38, 18, 32, 84, 117, 200, 130, 96, 175, 200, 181, 123, 154, 200, 200, 200, 200, 200, 200, 200, 200, 200, 200, 200, 200, 200, 200, 200, 200, 200, 200, 200, 200, 200, 200, 200, 200, 200, 200, 200, 200, 200, 200, 200, 200, 200, 200, 159, 200, 200, 200, 200, 200, 200, 200, 200, 200, 200, 200, 200, 200, 200, 200, 200, 200, 200, 200]}