{"timestamps": [1610227456.726116, 1610227456.8498983, 1610227456.948681, 1610227456.976332, 1610227457.0075297, 1610227457.8507195, 1610227457.9751472, 1610227458.1165442, 1610227458.2190478, 1610227459.0349467, 1610227460.0723073, 1610227461.2845376, 1610227463.3309948, 1610227464.5907903, 1610227465.8187327, 1610227467.0029697, 1610227467.9828403, 1610227468.953572, 1610227470.530433, 1610227471.883818, 1610227473.6712446, 1610227474.8945577, 1610227476.7509398, 1610227478.4547088, 1610227479.7672782, 1610227481.5142097, 1610227482.6790714, 1610227484.576539, 1610227486.2676392, 1610227487.57641, 1610227489.3320143, 1610227490.5268464, 1610227492.5372777, 1610227494.5786748, 1610227495.8134198, 1610227498.6040163, 1610227499.8694956, 1610227501.8499362, 1610227503.6299255, 1610227505.0222895, 1610227506.9127514, 1610227508.1953564, 1610227510.062192, 1610227511.2782135, 1610227513.3258848, 1610227515.2691433, 1610227516.5755932, 1610227518.542165, 1610227519.7499883, 1610227521.7177372, 1610227523.8875651, 1610227525.2506664, 1610227527.1602116, 1610227528.3696237, 1610227530.294337, 1610227532.2214599, 1610227534.217466, 1610227536.3103077, 1610227537.6083968, 1610227539.8085368, 1610227541.7484555, 1610227543.1870894, 1610227545.2782192, 1610227547.2907217, 1610227550.405197, 1610227554.9471014, 1610227558.659116, 1610227563.8374295, 1610227565.586164, 1610227567.4676468, 1610227569.2687263, 1610227570.726628, 1610227572.823629], "initial_reset_timestamp": 1610227456.5167599, "episode_types": ["t", "t", "t", "t", "t", "t", "t", "t", "t", "t", "t", "t", "t", "t", "t", "t", "t", "t", "t", "t", "t", "t", "t", "t", "t", "t", "t", "t", "t", "t", "t", "t", "t", "t", "t", "t", "t", "t", "t", "t", "t", "t", "t", "t", "t", "t", "t", "t", "t", "t", "t", "t", "t", "t", "t", "t", "t", "t", "t", "t", "t", "t", "t", "t", "t", "t", "t", "t", "t", "t", "t", "t", "t", "t"], "episode_rewards": [29.0, 17.0, 46.0, 13.0, 16.0, 10.0, 31.0, 28.0, 52.0, 42.0, 121.0, 150.0, 200.0, 156.0, 155.0, 182.0, 116.0, 108.0, 166.0, 200.0, 200.0, 200.0, 200.0, 200.0, 200.0, 200.0, 200.0, 200.0, 200.0, 200.0, 200.0, 200.0, 200.0, 200.0, 200.0, 200.0, 200.0, 200.0, 200.0, 200.0, 200.0, 187.0, 200.0, 200.0, 200.0, 200.0, 200.0, 200.0, 200.0, 200.0, 200.0, 200.0, 200.0, 200.0, 200.0, 200.0, 200.0, 200.0, 200.0, 200.0, 200.0, 200.0, 200.0, 200.0, 200.0, 200.0, 200.0, 200.0, 200.0, 200.0, 200.0, 200.0, 200.0], "episode_lengths": [29, 17, 46, 13, 16, 10, 31, 28, 52, 42, 121, 150, 200, 156, 155, 182, 116, 108, 166, 200, 200, 200, 200, 200, 200, 200, 200, 200, 200, 200, 200, 200, 200, 200, 200, 200, 200, 200, 200, 200, 200, 187, 200, 200, 200, 200, 200, 200, 200, 200, 200, 200, 200, 200, 200, 200, 200, 200, 200, 200, 200, 200, 200, 200, 200, 200, 200, 200, 200, 200, 200, 200, 200]}