{"timestamps": [1610227456.7352214, 1610227456.8812885, 1610227456.9119983, 1610227456.9768496, 1610227457.0116918, 1610227457.9453244, 1610227458.0893235, 1610227458.1489065, 1610227458.2032313, 1610227459.1396344, 1610227460.3551173, 1610227461.4803197, 1610227463.623023, 1610227465.5783186, 1610227466.9185789, 1610227468.5650063, 1610227469.7424793, 1610227470.912172, 1610227472.7527785, 1610227474.6070418, 1610227475.8809624, 1610227477.6805127, 1610227478.8538249, 1610227480.5965524, 1610227482.3237393, 1610227483.6404843, 1610227485.4891553, 1610227486.6739187, 1610227488.422166, 1610227490.23742, 1610227491.4614894, 1610227493.6537156, 1610227494.875512, 1610227497.402154, 1610227499.4626675, 1610227500.8944292, 1610227502.9141104, 1610227504.072064, 1610227505.9589355, 1610227507.1247177, 1610227509.0909786, 1610227510.8588276, 1610227512.2462423, 1610227513.5117137, 1610227515.366643, 1610227517.2277677, 1610227518.705188, 1610227520.5189238, 1610227521.8743834, 1610227524.113302, 1610227525.8785903, 1610227527.2382364, 1610227529.1232834, 1610227530.3619642, 1610227532.5570621, 1610227535.1395853, 1610227536.4742808, 1610227538.52625, 1610227539.9848044, 1610227541.8560193, 1610227543.9579427, 1610227545.4364827, 1610227548.661881, 1610227550.55837, 1610227555.4238768, 1610227560.7188966, 1610227564.2075543, 1610227566.3418956, 1610227567.5385354, 1610227569.490648, 1610227571.65022, 1610227572.9936986], "initial_reset_timestamp": 1610227456.6094165, "episode_types": ["t", "t", "t", "t", "t", "t", "t", "t", "t", "t", "t", "t", "t", "t", "t", "t", "t", "t", "t", "t", "t", "t", "t", "t", "t", "t", "t", "t", "t", "t", "t", "t", "t", "t", "t", "t", "t", "t", "t", "t", "t", "t", "t", "t", "t", "t", "t", "t", "t", "t", "t", "t", "t", "t", "t", "t", "t", "t", "t", "t", "t", "t", "t", "t", "t", "t", "t", "t", "t", "t", "t", "t", "t"], "episode_rewards": [34.0, 26.0, 17.0, 28.0, 18.0, 32.0, 21.0, 32.0, 25.0, 55.0, 200.0, 126.0, 200.0, 200.0, 185.0, 183.0, 159.0, 200.0, 200.0, 200.0, 200.0, 200.0, 200.0, 200.0, 200.0, 200.0, 200.0, 200.0, 200.0, 200.0, 200.0, 200.0, 200.0, 200.0, 200.0, 200.0, 200.0, 200.0, 178.0, 188.0, 200.0, 200.0, 200.0, 160.0, 200.0, 200.0, 200.0, 200.0, 200.0, 200.0, 200.0, 200.0, 200.0, 200.0, 200.0, 200.0, 200.0, 200.0, 200.0, 200.0, 200.0, 200.0, 200.0, 200.0, 200.0, 200.0, 200.0, 200.0, 200.0, 200.0, 200.0, 200.0], "episode_lengths": [34, 26, 17, 28, 18, 32, 21, 32, 25, 55, 200, 126, 200, 200, 185, 183, 159, 200, 200, 200, 200, 200, 200, 200, 200, 200, 200, 200, 200, 200, 200, 200, 200, 200, 200, 200, 200, 200, 178, 188, 200, 200, 200, 160, 200, 200, 200, 200, 200, 200, 200, 200, 200, 200, 200, 200, 200, 200, 200, 200, 200, 200, 200, 200, 200, 200, 200, 200, 200, 200, 200, 200]}