{"timestamps": [1610227456.72969, 1610227456.8518357, 1610227456.9093423, 1610227456.9438083, 1610227457.0068157, 1610227457.87907, 1610227458.0885065, 1610227458.2338026, 1610227459.2090728, 1610227459.309575, 1610227461.2264569, 1610227462.4332674, 1610227463.8304055, 1610227465.8280642, 1610227467.7054276, 1610227468.574129, 1610227469.8521395, 1610227471.438155, 1610227472.768134, 1610227474.6382616, 1610227475.898821, 1610227477.6998613, 1610227479.4793456, 1610227480.6115744, 1610227482.4414399, 1610227483.748417, 1610227485.5075855, 1610227487.293501, 1610227488.4373527, 1610227490.2710402, 1610227491.478358, 1610227493.673557, 1610227495.424578, 1610227497.4556017, 1610227499.5880668, 1610227500.998822, 1610227502.9324377, 1610227504.71482, 1610227506.109791, 1610227507.8590212, 1610227509.256565, 1610227511.072574, 1610227513.036898, 1610227514.4925256, 1610227516.2559848, 1610227517.6118062, 1610227519.6280968, 1610227521.4241247, 1610227523.0380428, 1610227524.9330716, 1610227526.2610152, 1610227528.1389718, 1610227529.9300184, 1610227531.1159678, 1610227532.682264, 1610227535.2382038, 1610227536.5327556, 1610227538.629981, 1610227540.7096412, 1610227541.9985225, 1610227544.1467657, 1610227545.493619, 1610227548.776276, 1610227551.8993163, 1610227555.7856953, 1610227561.150636, 1610227564.3393474, 1610227566.4827032, 1610227568.247171, 1610227569.5403366, 1610227571.7558637, 1610227573.0434227], "initial_reset_timestamp": 1610227456.5143929, "episode_types": ["t", "t", "t", "t", "t", "t", "t", "t", "t", "t", "t", "t", "t", "t", "t", "t", "t", "t", "t", "t", "t", "t", "t", "t", "t", "t", "t", "t", "t", "t", "t", "t", "t", "t", "t", "t", "t", "t", "t", "t", "t", "t", "t", "t", "t", "t", "t", "t", "t", "t", "t", "t", "t", "t", "t", "t", "t", "t", "t", "t", "t", "t", "t", "t", "t", "t", "t", "t", "t", "t", "t", "t", "t"], "episode_rewards": [31.0, 16.0, 29.0, 14.0, 31.0, 16.0, 39.0, 74.0, 75.0, 33.0, 175.0, 138.0, 200.0, 200.0, 200.0, 114.0, 166.0, 200.0, 200.0, 200.0, 200.0, 200.0, 200.0, 200.0, 200.0, 200.0, 200.0, 200.0, 200.0, 200.0, 200.0, 200.0, 200.0, 200.0, 200.0, 200.0, 200.0, 200.0, 200.0, 200.0, 200.0, 200.0, 200.0, 200.0, 200.0, 200.0, 200.0, 200.0, 200.0, 200.0, 200.0, 200.0, 200.0, 148.0, 200.0, 200.0, 200.0, 200.0, 200.0, 200.0, 200.0, 200.0, 200.0, 200.0, 200.0, 200.0, 200.0, 200.0, 200.0, 200.0, 200.0, 200.0], "episode_lengths": [31, 16, 29, 14, 31, 16, 39, 74, 75, 33, 175, 138, 200, 200, 200, 114, 166, 200, 200, 200, 200, 200, 200, 200, 200, 200, 200, 200, 200, 200, 200, 200, 200, 200, 200, 200, 200, 200, 200, 200, 200, 200, 200, 200, 200, 200, 200, 200, 200, 200, 200, 200, 200, 148, 200, 200, 200, 200, 200, 200, 200, 200, 200, 200, 200, 200, 200, 200, 200, 200, 200, 200]}