{"timestamps": [1610227456.9207346, 1610227457.0111458, 1610227457.9022222, 1610227457.969167, 1610227458.1119084, 1610227458.923124, 1610227459.0412729, 1610227460.2130842, 1610227461.496368, 1610227463.6394625, 1610227464.7830992, 1610227465.8351386, 1610227467.6775148, 1610227468.7254367, 1610227469.8983636, 1610227471.567324, 1610227472.8771987, 1610227474.6710148, 1610227475.9164088, 1610227477.8108518, 1610227479.5191445, 1610227480.725992, 1610227482.473301, 1610227483.7694695, 1610227485.614175, 1610227487.3259382, 1610227488.5395906, 1610227490.3015628, 1610227491.4972672, 1610227493.6923578, 1610227495.4708347, 1610227497.6022954, 1610227499.6254976, 1610227501.0192165, 1610227502.9607675, 1610227504.7537892, 1610227506.1273284, 1610227507.8942776, 1610227509.2731478, 1610227511.0890274, 1610227512.2628906, 1610227514.3077178, 1610227515.5276773, 1610227517.2670996, 1610227518.7201693, 1610227520.5429633, 1610227521.8886979, 1610227524.126655, 1610227525.9891992, 1610227527.2491226, 1610227529.1382372, 1610227530.372666, 1610227532.586736, 1610227535.1638372, 1610227536.485498, 1610227538.5482528, 1610227539.9965565, 1610227541.9544952, 1610227543.980213, 1610227545.4477997, 1610227548.6847732, 1610227550.590779, 1610227555.5334058, 1610227560.8635309, 1610227564.2347767, 1610227566.3528082, 1610227567.5500324, 1610227569.5018504, 1610227571.6750314, 1610227573.005002], "initial_reset_timestamp": 1610227456.5163975, "episode_types": ["t", "t", "t", "t", "t", "t", "t", "t", "t", "t", "t", "t", "t", "t", "t", "t", "t", "t", "t", "t", "t", "t", "t", "t", "t", "t", "t", "t", "t", "t", "t", "t", "t", "t", "t", "t", "t", "t", "t", "t", "t", "t", "t", "t", "t", "t", "t", "t", "t", "t", "t", "t", "t", "t", "t", "t", "t", "t", "t", "t", "t", "t", "t", "t", "t", "t", "t", "t", "t", "t", "t"], "episode_rewards": [81.0, 42.0, 19.0, 18.0, 28.0, 63.0, 34.0, 140.0, 198.0, 200.0, 139.0, 113.0, 189.0, 138.0, 176.0, 184.0, 200.0, 200.0, 200.0, 200.0, 200.0, 200.0, 200.0, 200.0, 200.0, 200.0, 200.0, 200.0, 200.0, 200.0, 200.0, 200.0, 200.0, 200.0, 200.0, 200.0, 200.0, 200.0, 200.0, 200.0, 153.0, 200.0, 200.0, 162.0, 200.0, 197.0, 200.0, 200.0, 200.0, 200.0, 200.0, 200.0, 200.0, 200.0, 200.0, 200.0, 200.0, 200.0, 200.0, 200.0, 200.0, 200.0, 200.0, 200.0, 200.0, 200.0, 200.0, 200.0, 200.0, 200.0], "episode_lengths": [81, 42, 19, 18, 28, 63, 34, 140, 198, 200, 139, 113, 189, 138, 176, 184, 200, 200, 200, 200, 200, 200, 200, 200, 200, 200, 200, 200, 200, 200, 200, 200, 200, 200, 200, 200, 200, 200, 200, 200, 153, 200, 200, 162, 200, 197, 200, 200, 200, 200, 200, 200, 200, 200, 200, 200, 200, 200, 200, 200, 200, 200, 200, 200, 200, 200, 200, 200, 200, 200]}