{"timestamps": [1610227456.692928, 1610227456.8896222, 1610227456.9184535, 1610227456.9480674, 1610227456.987618, 1610227457.964437, 1610227458.1564317, 1610227458.9407187, 1610227460.2314155, 1610227461.113721, 1610227462.5869274, 1610227463.818823, 1610227465.814519, 1610227466.9753294, 1610227467.9653122, 1610227468.9997594, 1610227470.7083046, 1610227471.9375885, 1610227473.8233385, 1610227475.6463153, 1610227476.892615, 1610227478.6425724, 1610227479.8166342, 1610227481.6501336, 1610227483.3703072, 1610227484.715462, 1610227486.4620206, 1610227487.6264486, 1610227489.474835, 1610227491.2135417, 1610227492.5904016, 1610227494.6643155, 1610227496.00418, 1610227498.7530234, 1610227500.6197283, 1610227501.987952, 1610227503.8262937, 1610227505.1734092, 1610227506.9114914, 1610227508.2238019, 1610227510.175627, 1610227510.9048316, 1610227512.3681684, 1610227514.416102, 1610227515.5392742, 1610227517.4746904, 1610227519.4562442, 1610227520.72225, 1610227522.886222, 1610227524.3031259, 1610227526.1002288, 1610227528.06934, 1610227529.305566, 1610227531.1881812, 1610227532.8292294, 1610227535.3681905, 1610227537.283866, 1610227538.7601895, 1610227540.7889633, 1610227542.042167, 1610227544.2128186, 1610227546.8021984, 1610227548.8625295, 1610227552.1919682, 1610227556.0986207, 1610227561.4054143, 1610227565.1599822, 1610227566.5224714, 1610227568.329172, 1610227569.6686156, 1610227571.887695], "initial_reset_timestamp": 1610227456.5136094, "episode_types": ["t", "t", "t", "t", "t", "t", "t", "t", "t", "t", "t", "t", "t", "t", "t", "t", "t", "t", "t", "t", "t", "t", "t", "t", "t", "t", "t", "t", "t", "t", "t", "t", "t", "t", "t", "t", "t", "t", "t", "t", "t", "t", "t", "t", "t", "t", "t", "t", "t", "t", "t", "t", "t", "t", "t", "t", "t", "t", "t", "t", "t", "t", "t", "t", "t", "t", "t", "t", "t", "t", "t", "t"], "episode_rewards": [19.0, 46.0, 15.0, 12.0, 20.0, 48.0, 52.0, 44.0, 178.0, 94.0, 181.0, 155.0, 200.0, 169.0, 121.0, 145.0, 170.0, 200.0, 200.0, 200.0, 200.0, 200.0, 200.0, 200.0, 200.0, 200.0, 200.0, 200.0, 200.0, 200.0, 200.0, 200.0, 200.0, 200.0, 200.0, 200.0, 200.0, 200.0, 169.0, 200.0, 200.0, 84.0, 200.0, 200.0, 200.0, 200.0, 200.0, 200.0, 200.0, 200.0, 200.0, 200.0, 200.0, 200.0, 200.0, 200.0, 200.0, 200.0, 200.0, 200.0, 200.0, 200.0, 200.0, 200.0, 200.0, 200.0, 200.0, 200.0, 200.0, 200.0, 200.0], "episode_lengths": [19, 46, 15, 12, 20, 48, 52, 44, 178, 94, 181, 155, 200, 169, 121, 145, 170, 200, 200, 200, 200, 200, 200, 200, 200, 200, 200, 200, 200, 200, 200, 200, 200, 200, 200, 200, 200, 200, 169, 200, 200, 84, 200, 200, 200, 200, 200, 200, 200, 200, 200, 200, 200, 200, 200, 200, 200, 200, 200, 200, 200, 200, 200, 200, 200, 200, 200, 200, 200, 200, 200]}